7360,-10086
7361,-10037
7362,-10176
7363,-10137
7364,-10127
7365,-10025
7366,-10099
7367,-10165
7368,-10006
7369,-10078
7370,-10101
7371,-10276
7372,-10126
7373,-10037
7374,-10004
7375,-10118
7376,-10156
7377,-10032
7378,-10191
7379,-10094
7380,-9959
7381,-10170
7382,-10205
7383,-10030
7384,-10291
7385,-10175
7386,-10195
7387,-10234
7388,-10183
7389,-10190
7390,-10215
7391,-10185
7392,-10128
7393,-10024
7394,-10101
7395,-10220
7396,-10123
7397,-10035
7398,-10035
7399,-10191
7400,-10206
7401,-10157
7402,-10038
7403,-10230
7404,-10081
7405,-10107
7406,-10191
7407,-10133
7408,-10086
7409,-10129
7410,-10171
7411,-10160
7412,-10128
7413,-10020
7414,-10005
7415,-10248
7416,-10112
7417,-10143
7418,-10125
7419,-10100
7420,-10204
7421,-10093
7422,-10051
7423,-10174
7424,-10210
7425,-10137
7426,-10014
7427,-10008
7428,-10200
7429,-10077
7430,-10200
7431,-10252
7432,-10312
7433,-10012
7434,-10083
7435,-10008
7436,-10017
7437,-10149
7438,-10031
7439,-10093
7440,-10046
7441,-10083
7442,-10014
7443,-10175
7444,-10022
7445,-9692
7446,-10225
7447,-10241
7448,-10066
7449,-10163
7450,-10152
7451,-10026
7452,-10163
7453,-10014
7454,-10099
7455,-10013
7456,-10223
7457,-10255
7458,-10094
7459,-10111
7460,-10031
7461,-10235
7462,-10014
7463,-10040
7464,-10212
7465,-10265
7466,-10244
7467,-10008
7468,-10250
7469,-10022
7470,-10125
7471,-10183
7472,-10221
7473,-10127
7474,-10255
7475,-10142
7476,-10024
7477,-10155
7478,-10207
7479,-10205
7480,-10006
7481,-10110
7482,-10028
7483,-10165
7484,-10231
7485,-10185
7486,-10169
7487,-10012
7488,-10006
7489,-10008
7490,-10200
7491,-10179
7492,-10240
7493,-10266
7494,-10204
7495,-10155
7496,-10110
7497,-10174
7498,-10067
7499,-10202
7500,-10103
7501,-10156
7502,-10221
7503,-10101
7504,-10212
7505,-10175
7506,-10211
7507,-10227
7508,-10014
7509,-10048
7510,-10020
7511,-10028
7512,-10254
7513,-10252
7514,-10022
7515,-10189
7516,-10006
7517,-10121
7518,-10176
7519,-10159
7520,-9967
7521,-10360
7522,-10020
7523,-10011
7524,-10183
7525,-10088
7526,-10014
7527,-10226
7528,-10016
7529,-10005
7530,-10130
7531,-10233
7532,-10162
7533,-10207
7534,-10072
7535,-10288
7536,-10187
7537,-9997
7538,-10146
7539,-10006
7540,-10022
7541,-10176
7542,-10009
7543,-10012
7544,-10173
7545,-10166
7546,-10215
7547,-10178
7548,-10237
7549,-10193
7550,-10133
7551,-10012
7552,-10265
7553,-10179
7554,-10221
7555,-10005
7556,-10133
7557,-10133
7558,-10202
7559,-10009
7560,-10128	0.85271
7561,-10208	0.92344
7562,-10282	0.83392
7563,-10192	0.70984
7564,-10012	0.92308
7565,-10078	0.98734
7566,-10165	0.92135
7567,-10150	0.88079
7568,-10028	0.68966
7569,-10142	0.95105
7570,-10008	0.88889
7571,-10181	0.94505
7572,-10333	0.70659
7573,-10078	0.98734
7574,-10141	0.92254
7575,-10093	0.80405
7576,-10166	0.90419
7577,-10149	0.94667
7578,-10094	0.90526
7579,-10009	0.7
7580,-10179	0.88333
7581,-10078	0.86076
7582,-10191	0.77083
7583,-10163	0.94512
7584,-10077	0.63128
7585,-10170	0.8538
7586,-10150	0.89404
7587,-10162	0.79755
7588,-10191	0.90625
7589,-10056	0.73684
7590,-10030	0.67742
7591,-10204	0.81951
7592,-10013	0.42857
7593,-10136	0.89781
7594,-10198	0.76884
7595,-10166	0.82635
7596,-10047	0.85417
7597,-10174	0.84783
7598,-10186	0.85027
7599,-10009	0.3
7600,-10107	0.76852
7601,-10291	1.0
7602,-10101	0.84314
7603,-10212	0.84977
7604,-10127	0.88281
7605,-10355	0.71629
7606,-10253	0.8937
7607,-10014	0.93333
7608,-10044	0.86667
7609,-10182	0.91803
7610,-10007	0.375
7611,-10209	0.86667
7612,-10302	0.83498
7613,-10129	0.19231
7614,-10123	0.85484
7615,-10043	0.97727
7616,-10194	0.87179
7617,-10169	0.90588
7618,-10046	0.6383
7619,-10243	0.85656
7620,-10205	0.95146
7621,-10007	0.875
7622,-10064	0.84615
7623,-10136	0.89051
7624,-10006	0.42857
7625,-10219	0.93182
7626,-10121	0.81967
7627,-10256	0.85992
7628,-10247	0.84241
7629,-10150	0.92053
7630,-10164	0.9697
7631,-10144	0.72414
7632,-10046	0.70213
7633,-10185	0.88172
7634,-10203	0.89216
7635,-10178	0.93296
7636,-10300	0.95349
7637,-10274	0.78545
7638,-10066	0.71642
7639,-10006	0.42857
7640,-10056	1.0
7641,-10006	0.28571
7642,-10098	0.79798
7643,-10030	0.41935
7644,-10246	0.8502
7645,-10148	0.89933
7646,-10119	0.93333
7647,-10226	0.85463
7648,-10106	0.81308
7649,-10006	1.0
7650,-10115	0.87069
7651,-10003	0.74593
7652,-10313	0.87261
7653,-10259	0.81538
7654,-10234	0.93617
7655,-10082	0.72289
7656,-9686	0.80205
7657,-10081	0.80488
7658,-9427	0.64985
7659,-10122	0.72308
7660,-10266	0.73408
7661,-10215	0.80556
7662,-10111	0.90179
7663,-10213	0.86449
7664,-10100	0.57426
7665,-10015	0.1875
7666,-10059	0.71667
7667,-10126	0.91339
7668,-10305	0.88235
7669,-10017	0.38889
7670,-10028	0.82308
7671,-10240	0.90871
7672,-10201	0.75248
7673,-10184	0.97838
7674,-10151	0.66447
7675,-10268	0.75836
7676,-10008	1.0
7677,-10322	0.89474
7678,-10017	0.94444
7679,-10155	0.96795
7680,-10067	0.75148
7681,-10097	0.91837
7682,-9807	0.73482
7683,-10098	0.87879
7684,-10005	0.33333
7685,-10232	0.69461
7686,-10016	0.47059
7687,-10010	0.27273
7688,-10072	0.78082
7689,-10302	0.9769
7690,-10259	0.76923
7691,-10130	0.80916
7692,-10020	0.61905
7693,-9990	0.58696
7694,-10161	0.93827
7695,-9995	0.71134
7696,-10303	0.82566
7697,-10189	0.9
7698,-10019	0.95
7699,-10150	0.92053
7700,-10158	0.81761
7701,-10187	0.86702
7702,-10113	0.98246
7703,-10176	0.81921
7704,-10201	0.73597
7705,-10047	0.20833
7706,-10040	0.97561
7707,-10089	0.82222
7708,-10175	0.94886
7709,-10050	0.67763
7710,-10000	0.7451
7711,-10227	0.74561
7712,-10051	0.63462
7713,-10018	0.57895
7714,-10253	0.77953
7715,-10040	0.82927
7716,-10133	0.83582
7717,-10106	0.85981
7718,-10114	0.85489
7719,-10074	0.8
7720,-10041	0.61905
7721,-10028	0.68966
7722,-10022	1.0
7723,-10014	0.53333
7724,-10209	0.95238
7725,-10129	0.8
7726,-10029	0.2
7727,-10008	0.44444
7728,-10046	0.19149
7729,-10078	0.79747
7730,-10216	0.9447
7731,-10143	0.84722
7732,-10206	0.86957
7733,-10012	0.61538
7734,-10157	0.94937
7735,-10130	0.85496
7736,-10092	0.94624
7737,-10284	0.84561
7738,-10233	0.70513
7739,-10008	0.55556
7740,-10152	0.88235
7741,-10130	0.77099
7742,-10014	0.66667
7743,-10237	0.77311
7744,-10197	0.78788
7745,-10198	0.8794
7746,-10060	0.31148
7747,-10351	0.7642
7748,-10221	0.91441
7749,-10287	0.92014
7750,-10211	0.95283
7751,-10102	0.76471
7752,-10147	0.85811
7753,-10197	0.88384
7754,-10093	0.77365
7755,-10205	0.68932
7756,-10028	0.88462
7757,-10011	0.5
7758,-10246	0.87854
7759,-10018	0.63158
7760,-10199	0.895
7761,-10037	0.76316
7762,-10225	0.80531
7763,-10173	0.95977
7764,-10228	0.89083
7765,-10170	0.90643
7766,-10108	0.82569
7767,-10281	0.9078
7768,-10086	0.77011
7769,-10015	0.75
7770,-10194	0.9641
7771,-10183	0.65965
7772,-10182	0.89071
7773,-10092	0.96774
7774,-10107	0.76852
7775,-10212	0.87324
7776,-10163	0.84906
7777,-10119	0.89593
7778,-10132	0.84211
7779,-10061	0.74194
7780,-10018	0.57895
7781,-10126	0.92913
7782,-10217	0.87156
7783,-10114	0.74783
7784,-10213	0.92523
7785,-10143	0.92361
7786,-10076	0.80519
7787,-10112	0.72566
7788,-10006	0.42857
7789,-10130	0.73282
7790,-10017	0.66667
7791,-10078	0.94937
7792,-10099	0.78
7793,-10038	0.80714
7794,-10027	0.76737
7795,-10005	0.33333
7796,-10241	0.81405
7797,-10105	0.71698
7798,-10342	0.59767
7799,-10198	0.91667
7800,-10152	0.88889
7801,-10210	0.84834
7802,-10203	0.93627
7803,-10065	0.88623
7804,-10213	0.92056
7805,-10201	0.90099
7806,-10138	0.76246
7807,-10169	0.87059
7808,-10115	0.83621
7809,-10138	0.90647
7810,-10017	0.55556
7811,-10273	0.68267
7812,-10160	0.9441
7813,-10244	0.89388
7814,-10228	0.80303
7815,-10091	0.28261
7816,-10082	0.80723
7817,-10193	0.85763
7818,-10025	0.26923
7819,-10230	0.92641
7820,-10332	0.79279
7821,-9983	0.76471
7822,-10018	0.84211
7823,-10217	0.88715
7824,-10085	0.73256
7825,-10065	0.75758
7826,-10235	0.91949
7827,-9989	0.8022
7828,-10087	0.96591
7829,-10270	0.8524
7830,-10223	0.8125
7831,-10214	0.86977
7832,-10242	0.88477
7833,-10047	0.70833
7834,-10213	0.86916
7835,-10076	0.92208
7836,-10184	0.91351
7837,-10034	0.97143
7838,-10026	0.81481
7839,-10168	0.91124
7840,-10127	0.89844
7841,-10009	0.5
7842,-10208	0.84689
7843,-10177	0.98315
7844,-10221	0.90991
7845,-10123	0.84677
7846,-10087	0.94318
7847,-10167	0.80952
7848,-10172	0.86705
7849,-10044	0.84444
7850,-10179	0.88333
7851,-10210	0.88626
7852,-10191	0.90625
7853,-10118	0.91597
7854,-10203	0.96569
7855,-10013	0.57143
7856,-10245	0.91057
7857,-10094	0.72632
7858,-10209	0.8619
7859,-10275	0.94565
7860,-9928	0.64885
7861,-10190	0.87435
7862,-10184	0.87568
7863,-10218	0.84018
7864,-10085	0.81395
7865,-10200	0.91045
7866,-10278	0.7491
7867,-10020	0.61905
7868,-10133	0.86567
7869,-10006	0.28571
7870,-10155	0.90385
7871,-10159	0.84375
7872,-10108	0.75229
7873,-10278	0.45161
7874,-10119	0.9276
7875,-10238	0.88285
7876,-10170	0.90643
7877,-10176	0.92655
7878,-10132	0.90977
7879,-10010	0.45455
7880,-10256	0.91051
7881,-10272	0.82051
7882,-10125	0.78571
7883,-10158	0.92453
7884,-10135	0.72794
7885,-10228	0.8559
7886,-10024	0.79365
7887,-10178	0.88268
7888,-10159	0.9
7889,-10174	0.98286
7890,-10084	0.80645
7891,-10260	0.93103
7892,-10166	0.90419
7893,-10253	0.72441
7894,-10068	0.86957
7895,-10143	0.8125
7896,-9996	0.68367
7897,-10013	1.0
7898,-10177	0.76703
7899,-10169	0.90588
7900,-10082	0.75904
7901,-10097	0.86935
7902,-10187	0.90957
7903,-10158	0.75472
7904,-10200	0.88742
7905,-9974	0.77966
7906,-10262	0.85932
7907,-10155	0.83333
7908,-10282	0.97527
7909,-10162	0.82209
7910,-10126	0.85526
7911,-10041	0.2381
7912,-10230	0.71429
7913,-10189	0.96316
7914,-10026	0.62963
7915,-10137	0.73188
7916,-10213	0.91121
7917,-10134	0.81481
7918,-10121	0.92623
7919,-10185	0.84946
7920,-10216	0.99539
7921,-10230	0.85542
7922,-9972	0.76449
7923,-10140	0.75177
7924,-10117	0.91525
7925,-10205	0.87379
7926,-10203	0.91667
7927,-10199	0.885
7928,-10139	0.93571
7929,-10072	0.9589
7930,-9998	0.78
7931,-10245	0.77236
7932,-10100	0.88119
7933,-10027	0.78571
7934,-10118	0.90756
7935,-10146	0.75072
7936,-10011	0.58333
7937,-10128	0.93023
7938,-10054	0.86538
7939,-9993	0.77895
7940,-10167	0.92262
7941,-10226	0.84141
7942,-10053	0.7037
7943,-10206	0.86473
7944,-10005	0.16667
7945,-10005	0.33333
7946,-10015	1.0
7947,-10171	0.7907
7948,-10005	0.16667
7949,-10122	0.80488
7950,-10012	0.69231
7951,-10127	0.875
7952,-10098	0.76768
7953,-10248	0.86747
7954,-10186	0.91979
7955,-10058	0.57627
7956,-10200	0.68657
7957,-10232	0.92275
7958,-10143	0.78472
7959,-10103	0.85621
7960,-10125	0.9127
7961,-10034	0.2
7962,-10046	0.10638
7963,-10168	0.89941
7964,-10016	0.58824
7965,-10219	0.89545
7966,-10012	0.53846
7967,-10019	0.65
7968,-10132	0.78947
7969,-10183	0.95652
7970,-10242	0.8642
7971,-10092	0.80645
7972,-10129	0.9
7973,-10314	0.74921
7974,-10093	0.45745
7975,-10021	0.31818
7976,-10139	0.97143
7977,-10231	0.94828
7978,-10167	0.8869
7979,-10017	0.77778
7980,-10241	0.74793
7981,-10008	1.0
7982,-10013	0.14286
7983,-10146	0.85714
7984,-10188	0.96296
7985,-10146	0.89796
7986,-9988	0.76667
7987,-10095	0.83333
7988,-10250	0.95618
7989,-10159	0.95625
7990,-10116	0.83761
7991,-10008	0.44444
7992,-10199	0.96
7993,-10015	0.75
7994,-10083	0.7381
7995,-10063	1.0
7996,-10033	0.88235
7997,-10192	0.67358
7998,-10186	0.90909
7999,-10011	0.08333
8000,-10107	0.83333
8001,-10033	0.20588
8002,-10012	0.46154
8003,-10202	0.93596
8004,-10115	0.92241
8005,-10282	0.95406
8006,-10028	0.68966
8007,-10196	0.87919
8008,-10164	0.91515
8009,-10291	0.81507
8010,-10019	0.80992
8011,-10194	0.87162
8012,-10036	0.84058
8013,-10175	1.0
8014,-10007	0.5
8015,-10114	0.75652
8016,-10185	0.89247
8017,-10294	0.92203
8018,-10166	0.77246
8019,-10172	0.89017
8020,-10218	0.83437
8021,-10068	0.92754
8022,-10011	0.08333
8023,-10012	0.92308
8024,-10029	1.0
8025,-10146	0.87755
8026,-10214	0.97209
8027,-10182	0.87432
8028,-10211	0.95755
8029,-9998	0.81
8030,-10193	0.91753
8031,-10036	0.27027
8032,-10171	0.93023
8033,-10173	0.8908
8034,-10116	0.82051
8035,-10151	0.96053
8036,-10116	0.83761
8037,-10193	0.83051
8038,-10006	0.59259
8039,-9819	0.84615
8040,-10072	0.79452
8041,-10008	0.55556
8042,-10060	0.47541
8043,-10157	0.6962
8044,-10174	0.8
8045,-10148	0.80537
8046,-10121	0.92623
8047,-10050	0.84314
8048,-10213	0.90654
8049,-10102	0.79412
8050,-10016	0.64706
8051,-10078	0.79444
8052,-10251	0.94841
8053,-10218	0.79688
8054,-10063	0.65625
8055,-10028	0.48276
8056,-10154	0.82581
8057,-10265	0.93233
8058,-10145	0.93151
8059,-10257	0.89922
8060,-10031	1.0
8061,-10209	0.94762
8062,-10193	0.7732
8063,-10030	0.25806
8064,-10156	0.91083
8065,-10123	0.87097
8066,-10065	0.87879
8067,-10165	0.87952
8068,-10178	0.77857
8069,-10074	0.78667
8070,-10095	0.89583
8071,-10090	0.97802
8072,-10013	0.5
8073,-10196	0.91611
8074,-10154	0.7871
8075,-10147	0.92568
8076,-10011	0.83333
8077,-10077	0.83333
8078,-10192	0.83938
8079,-10004	0.85714
8080,-10105	0.87736
8081,-10007	0.5
8082,-10158	0.84906
8083,-10179	0.90556
8084,-10125	0.81746
8085,-10287	0.91667
8086,-10053	0.94444
8087,-10035	0.33333
8088,-10133	0.95522
8089,-10170	0.84211
8090,-10016	0.94118
8091,-10109	0.82727
8092,-10163	0.90244
8093,-10223	0.91518
8094,-10081	0.84146
8095,-10086	0.71264
8096,-10149	0.79283
8097,-10195	0.89286
8098,-10037	0.5
8099,-10207	0.9375
8100,-10015	0.875
8101,-10167	0.77976
8102,-10211	0.78774
8103,-10032	0.48485
8104,-10016	0.05882
8105,-10036	0.67568
8106,-10030	0.06452
8107,-10019	0.4
8108,-10034	0.11429
8109,-10025	0.71654
8110,-10058	0.7
8111,-10171	0.70349
8112,-10135	0.80178
8113,-10128	0.96899
8114,-10047	0.64583
8115,-10268	0.88104
8116,-10159	0.85625
8117,-10010	0.54545
8118,-10067	0.80882
8119,-10127	0.85156
8120,-10205	0.93204
8121,-10229	0.77826
8122,-10148	0.91946
8123,-10026	0.92593
8124,-10121	0.68852
8125,-10018	1.0
8126,-10015	0.125
8127,-10081	0.85246
8128,-10015	0.4375
8129,-10027	0.60714
8130,-10009	0.4
8131,-10210	0.86538
8132,-10161	0.9321
8133,-9921	0.82258
8134,-10193	0.86082
8135,-10014	0.6
8136,-10039	0.775
8137,-10040	0.95122
8138,-10005	0.33333
8139,-10074	0.85333
8140,-10009	0.5
8141,-10010	0.54545
8142,-10026	1.0
8143,-10014	0.46667
8144,-10096	0.7732
8145,-10192	0.84456
8146,-10066	0.77612
8147,-10168	0.85207
8148,-10067	0.69118
8149,-10070	0.80282
8150,-10185	0.87634
8151,-10159	0.775
8152,-10159	0.81875
8153,-10055	0.25
8154,-10101	0.7451
8155,-10039	0.125
8156,-10140	0.84397
8157,-10093	0.81915
8158,-10033	0.29412
8159,-10232	0.7897
8160,-10136	0.94161
8161,-10205	0.85993
8162,-10066	0.77612
8163,-10128	0.91473
8164,-10118	0.78151
8165,-10195	0.92593
8166,-10086	0.83908
8167,-10165	0.83735
8168,-10195	0.88265
8169,-10161	0.87654
8170,-10208	0.97129
8171,-10160	0.87578
8172,-10093	0.79787
8173,-10068	0.18841
8174,-10037	0.76316
8175,-10089	0.81111
8176,-10277	0.94245
8177,-10156	0.76433
8178,-10012	0.46154
8179,-10217	0.89908
8180,-10088	0.85393
8181,-10028	1.0
8182,-10179	0.92778
8183,-10140	0.85106
8184,-10172	0.92486
8185,-10178	0.95531
8186,-10182	0.78142
8187,-10153	0.93506
8188,-10180	0.8895
8189,-10085	0.88372
8190,-10195	0.91327
8191,-10098	0.79798
8192,-10083	0.78671
8193,-10104	0.8
8194,-10215	0.91167
8195,-10188	0.83069
8196,-10020	0.66667
8197,-10135	0.84559
8198,-10159	0.85625
8199,-10063	0.5625
8200,-10253	0.62992
8201,-10226	0.92952
8202,-10121	0.82787
8203,-10108	0.82569
8204,-10188	0.89418
8205,-10056	0.85965
8206,-10284	0.89474
8207,-10299	0.75333
8208,-10169	0.89412
8209,-10146	0.96599
8210,-10022	0.56522
8211,-10088	0.79775
8212,-10186	0.86458
8213,-10018	0.94737
8214,-10216	0.77358
8215,-10102	0.95146
8216,-10149	0.85333
8217,-10096	0.86598
8218,-10143	0.91667
8219,-10112	0.82243
8220,-10069	0.95714
8221,-10094	0.86735
8222,-10220	0.87783
8223,-10123	0.85484
8224,-10202	0.87829
8225,-10019	0.9
8226,-10118	0.96639
8227,-10015	0.125
8228,-10195	0.95408
8229,-10054	0.56364
8230,-10193	0.71134
8231,-10167	0.83333
8232,-10087	0.76136
8233,-10207	0.86538
8234,-10222	0.88341
8235,-10202	0.78325
8236,-10089	0.81111
8237,-10088	0.83146
8238,-10193	0.93814
8239,-10079	0.775
8240,-10010	0.83929
8241,-10095	0.79167
8242,-10263	0.89015
8243,-10035	0.97222
8244,-10126	0.89912
8245,-10063	0.35938
8246,-10250	0.93227
8247,-10011	0.5
8248,-10030	0.81061
8249,-10258	0.90734
8250,-10149	0.88
8251,-10035	0.22222
8252,-10196	0.93401
8253,-10115	0.86207
8254,-10006	0.85714
8255,-10058	0.84746
8256,-10184	0.64865
8257,-10088	0.83146
8258,-10153	0.88961
8259,-10033	0.74815
8260,-10066	0.22388
8261,-10057	0.62069
8262,-10009	0.6
8263,-10237	0.92017
8264,-10032	0.48485
8265,-9952	0.87097
8266,-10020	0.47619
8267,-10185	0.87634
8268,-10010	0.54545
8269,-10176	0.87006
8270,-10027	0.42857
8271,-10197	0.83838
8272,-10110	0.76577
8273,-10167	0.85119
8274,-10012	0.84615
8275,-10125	0.7381
8276,-10146	0.92517
8277,-10191	0.89062
8278,-10020	0.85714
8279,-10008	0.11111
8280,-10143	0.81944
8281,-9641	0.84354
8282,-10058	0.69492
8283,-10007	0.5
8284,-10102	0.76699
8285,-10158	0.90566
8286,-10221	0.75676
8287,-10082	1.0
8288,-10097	0.75377
8289,-10096	0.7732
8290,-10030	0.69697
8291,-10339	0.90588
8292,-10238	0.9205
8293,-10193	0.93299
8294,-10029	0.3
8295,-10037	0.70504
8296,-10088	0.46067
8297,-10052	0.60377
8298,-10214	0.91163
8299,-10147	0.87162
8300,-10224	0.88
8301,-10118	0.85714
8302,-10055	0.82166
8303,-10174	0.94857
8304,-10018	1.0
8305,-10168	0.94675
8306,-10164	0.93939
8307,-10106	0.76636
8308,-10230	0.92641
8309,-10118	0.80672
8310,-10012	1.0
8311,-10038	0.66667
8312,-10217	0.94044
8313,-10030	0.45161
8314,-10183	0.85326
8315,-10074	0.70667
8316,-10236	0.76371
8317,-10140	0.78723
8318,-10221	0.66667
8319,-10008	0.44444
8320,-10021	0.59091
8321,-10177	0.92697
8322,-10127	0.85938
8323,-10152	0.88889
8324,-10064	0.83077
8325,-10233	0.9188
8326,-10176	0.94915
8327,-10174	0.68571
8328,-10140	0.85816
8329,-10017	0.61111
8330,-10117	0.88136
8331,-10081	0.79268
8332,-10281	0.86879
8333,-10121	0.92623
8334,-10119	0.8
8335,-9902	0.78095
8336,-10087	0.82955
8337,-9900	0.8
8338,-10218	0.88128
8339,-10005	0.16667
8340,-10072	1.0
8341,-10008	0.44444
8342,-10169	0.84706
8343,-10096	0.31959
8344,-10114	0.75652
8345,-10105	0.73585
8346,-10194	0.88718
8347,-10265	0.81203
8348,-10197	0.91919
8349,-10156	0.93798
8350,-10276	0.77978
8351,-10239	0.8875
8352,-10111	0.79812
8353,-10119	0.63333
8354,-10305	0.93791
8355,-10119	0.88333
8356,-10019	1.0
8357,-10027	0.77341
8358,-10034	0.97143
8359,-10059	0.66667
8360,-9988	0.77778
8361,-10051	1.0
8362,-10203	0.89216
8363,-10019	0.05
8364,-10325	0.84969
8365,-10008	0.55556
8366,-10172	0.89781
8367,-10280	0.88256
8368,-10211	0.92925
8369,-10082	0.91566
8370,-10086	0.81609
8371,-10187	0.97232
8372,-10151	0.85526
8373,-10239	0.85
8374,-10230	0.96104
8375,-10009	0.6
8376,-10204	0.96585
8377,-10147	0.95946
8378,-10010	0.90909
8379,-10069	0.92857
8380,-10141	0.97887
8381,-10212	0.94366
8382,-10176	0.76836
8383,-10202	0.875
8384,-10176	0.9096
8385,-10132	0.81203
8386,-10080	0.74074
8387,-10013	0.14286
8388,-10028	0.24138
8389,-10166	0.88623
8390,-10122	0.73171
8391,-10129	0.81818
8392,-10162	0.92638
8393,-10067	0.83824
8394,-10064	0.79518
8395,-10139	0.8
8396,-10204	0.97073
8397,-10027	0.89286
8398,-10114	0.83478
8399,-10103	0.86538
8400,-10096	0.30928
8401,-10037	0.68421
8402,-10122	0.71545
8403,-10097	0.87755
8404,-10225	0.80531
8405,-10157	0.84177
8406,-10060	0.69136
8407,-10187	0.77163
8408,-10235	0.87288
8409,-10157	0.8481
8410,-10173	0.85455
8411,-10008	0.74882
8412,-10020	0.80952
8413,-10020	0.61905
8414,-10005	0.16667
8415,-10115	0.82759
8416,-10109	0.88182
8417,-10077	0.92308
8418,-10288	0.87543
8419,-10168	0.67456
8420,-10029	0.86667
8421,-10015	0.9375
8422,-10163	0.79878
8423,-10160	0.91304
8424,-10017	1.0
8425,-10020	0.2381
8426,-10211	0.8066
8427,-10013	0.42857
8428,-10154	0.8125
8429,-10006	1.0
8430,-10193	0.7268
8431,-10016	0.58824
8432,-10133	0.8209
8433,-10163	0.7439
8434,-10012	0.69231
8435,-10031	1.0
8436,-10170	0.80147
8437,-10194	0.93846
8438,-10008	0.55556
8439,-10007	0.5
8440,-10193	0.87119
8441,-10116	0.83761
8442,-10027	0.80967
8443,-10126	0.83465
8444,-10174	0.97143
8445,-10074	0.69333
8446,-10151	0.91447
8447,-10292	0.97611
8448,-10035	0.63889
8449,-10213	0.91589
8450,-10204	0.77561
8451,-10085	0.95349
8452,-10156	0.91083
8453,-10129	0.81538
8454,-10120	0.80992
8455,-10257	0.9031
8456,-10223	0.9375
8457,-10167	0.86905
8458,-10019	0.3
8459,-10206	0.9372
8460,-10214	0.89767
8461,-10183	0.84239
8462,-10009	0.5
8463,-10015	0.75214
8464,-10228	0.9083
8465,-10114	0.73913
8466,-10024	0.64
8467,-10170	0.90058
8468,-10026	0.85185
8469,-10101	0.83333
8470,-10043	0.86207
8471,-10131	0.90909
8472,-10197	0.80936
8473,-10114	0.8
8474,-10200	0.88557
8475,-10168	0.79882
8476,-10025	0.69231
8477,-10058	0.86441
8478,-10206	0.89855
8479,-10162	0.89571
8480,-10178	0.93855
8481,-10107	0.85185
8482,-10204	0.89756
8483,-10221	0.91892
8484,-10029	0.36667
8485,-10156	0.84109
8486,-10086	0.87356
8487,-10163	0.76829
8488,-10017	0.89408
8489,-10158	0.84277
8490,-10160	0.86957
8491,-10134	0.87288
8492,-10040	0.92683
8493,-10128	0.84496
8494,-10156	0.85987
8495,-10158	0.9434
8496,-10082	0.74699
8497,-10025	0.53846
8498,-10010	1.0
8499,-10071	0.79167
8500,-10086	0.42529
8501,-10201	0.92739
8502,-10109	0.81818
8503,-10201	0.9505
8504,-10112	0.72566
8505,-10141	0.74648
8506,-10009	0.4
8507,-10174	0.94857
8508,-10131	0.93182
8509,-10140	0.92908
8510,-9994	0.80872
8511,-10012	1.0
8512,-10100	0.75248
8513,-10112	0.76106
8514,-10027	1.0
8515,-10240	0.92946
8516,-10016	0.64706
8517,-10181	0.96154
8518,-10025	0.15385
8519,-10153	0.85714
8520,-10162	0.8773
8521,-10180	0.9116
8522,-10246	0.74899
8523,-10007	0.25
8524,-10138	0.91367
8525,-10083	0.70238
8526,-10167	0.85714
8527,-10218	0.81735
8528,-10056	0.75439
8529,-10226	0.88546
8530,-10200	0.86567
8531,-10153	0.70779
8532,-10244	0.96327
8533,-10096	0.72222
8534,-10158	0.90566
8535,-10012	0.53846
8536,-10118	0.88235
8537,-10092	0.8172
8538,-10263	0.78082
8539,-10180	0.92265
8540,-10218	0.92237
8541,-10163	0.87805
8542,-10028	0.68966
8543,-10174	0.76571
8544,-10042	0.72093
8545,-10168	0.81657
8546,-10015	1.0
8547,-10178	0.86592
8548,-10252	0.92885
8549,-10116	0.87179
8550,-10252	0.89723
8551,-10212	0.90141
8552,-10127	0.96875
8553,-10227	0.90351
8554,-10019	0.6
8555,-10012	1.0
8556,-10283	0.90845
8557,-10067	0.87407
8558,-10084	0.84706
8559,-10124	0.84
8560,-10234	0.89583
8561,-10162	0.90184
8562,-10009	1.0
8563,-10124	0.784
8564,-10263	0.84091
8565,-10168	0.88757
8566,-10108	0.83923
8567,-10157	0.89873
8568,-10008	0.44444
8569,-10244	0.92653
8570,-10104	0.94286
8571,-10007	1.0
8572,-10011	0.5
8573,-10140	0.92149
8574,-10111	0.89286
8575,-10207	0.95673
8576,-10193	0.84536
8577,-10176	0.59712
8578,-10264	0.90943
8579,-10224	0.92444
8580,-10216	0.91244
8581,-10185	0.91398
8582,-10079	0.8375
8583,-10204	0.96585
8584,-10204	0.86829
8585,-10118	0.73832
8586,-10150	0.94702
8587,-10006	0.14286
8588,-10231	0.93534
8589,-10094	0.72449
8590,-10008	0.44444
8591,-10169	0.94118
8592,-10161	0.81481
8593,-10080	0.75309
8594,-10009	0.81081
8595,-10162	0.93252
8596,-10026	0.77778
8597,-10081	0.71951
8598,-10083	0.88649
8599,-10166	0.89222
8600,-10116	0.78632
8601,-10097	0.80612
8602,-10016	0.58824
8603,-10014	0.86792
8604,-10071	0.63889
8605,-10093	0.70213
8606,-10218	0.91781
8607,-10161	0.73457
8608,-10173	0.95402
8609,-10224	0.91556
8610,-10207	0.88942
8611,-10228	0.89083
8612,-10218	0.87671
8613,-10227	0.81579
8614,-10111	0.79464
8615,-10075	0.81579
8616,-10005	0.33333
8617,-10025	0.65385
8618,-10138	0.88489
8619,-10016	0.52941
8620,-10014	1.0
8621,-10024	0.72
8622,-10156	0.91083
8623,-10149	0.70667
8624,-10211	0.97642
8625,-10187	0.85638
8626,-10236	0.94093
8627,-10109	0.80449
8628,-10030	0.6129
8629,-10047	0.72917
8630,-10139	0.96429
8631,-10220	0.93213
8632,-10158	0.9434
8633,-10189	0.86842
8634,-10013	0.14286
8635,-10136	0.88321
8636,-10023	0.95833
8637,-10008	0.55556
8638,-10212	0.84507
8639,-10008	0.88889
8640,-10187	0.92553
8641,-10028	0.2069
8642,-10226	0.837
8643,-10164	0.86667
8644,-10096	0.76289
8645,-10011	0.82301
8646,-10095	0.94792
8647,-10274	0.93091
8648,-10012	0.53846
8649,-9625	0.69069
8650,-10026	0.2963
8651,-10121	0.81148
8652,-10277	0.82374
8653,-10163	0.91463
8654,-10290	0.93127
8655,-10193	0.96392
8656,-10155	0.89744
8657,-9992	0.71277
8658,-10006	1.0
8659,-10252	0.94071
8660,-10139	0.83571
8661,-10073	0.7027
8662,-10159	0.78125
8663,-10019	0.65
8664,-10249	0.92
8665,-10011	0.85841
8666,-10172	0.9422
8667,-10017	0.61111
8668,-10092	0.95699
8669,-10199	0.76744
8670,-10092	0.53763
8671,-10094	0.75789
8672,-10160	0.86957
8673,-10097	0.73333
8674,-10200	0.94527
8675,-10112	0.89252
8676,-10215	0.88426
8677,-10173	0.89655
8678,-10049	0.82
8679,-10051	0.69231
8680,-10311	0.95513
8681,-10190	0.89041
8682,-10134	0.8
8683,-10161	0.89506
8684,-10184	0.8951
8685,-10198	0.92965
8686,-10144	0.82759
8687,-10154	0.88387
8688,-10243	0.95082
8689,-10123	0.8629
8690,-10097	0.85714
8691,-10120	0.87603
8692,-10143	0.86111
8693,-10076	0.54545
8694,-10206	0.92754
8695,-10043	0.68182
8696,-10091	0.96739
8697,-10189	0.87895
8698,-10019	1.0
8699,-10124	0.752
8700,-10009	0.6
8701,-10042	0.82639
8702,-10008	0.22222
8703,-10027	0.5
8704,-10239	0.825
8705,-10175	0.85795
8706,-10071	0.81944
8707,-10193	0.78351
8708,-10222	0.84877
8709,-10037	0.68421
8710,-10075	0.84211
8711,-9966	0.75
8712,-10200	0.92537
8713,-10125	0.76984
8714,-10019	0.8
8715,-10142	0.81119
8716,-10212	0.73239
8717,-10276	0.87004
8718,-10142	0.95804
8719,-10163	0.88415
8720,-10110	0.91892
8721,-10155	0.95513
8722,-10138	0.84173
8723,-10119	0.85833
8724,-10190	0.86301
8725,-10134	0.93333
8726,-10231	0.80172
8727,-10139	0.80714
8728,-10123	0.80645
8729,-10283	0.90845
8730,-10008	0.22222
8731,-10137	0.99275
8732,-10157	0.89241
8733,-10250	0.85657
8734,-9938	0.88652
8735,-10142	0.95804
8736,-9998	0.83
8737,-10174	0.88
8738,-10077	0.89744
8739,-10241	0.88017
8740,-10227	0.91228
8741,-10012	0.15385
8742,-10050	0.70588
8743,-10220	0.819
8744,-10015	0.78899
8745,-10217	0.84639
8746,-10099	0.27
8747,-10118	0.84034
8748,-10005	0.33333
8749,-10093	0.78723
8750,-10120	0.81818
8751,-10072	0.91781
8752,-10180	0.93923
8753,-10170	0.92982
8754,-10027	0.96429
8755,-10146	0.89116
8756,-9707	0.71975
8757,-10041	0.7619
8758,-10088	0.94382
8759,-10008	0.44444
8760,-10097	0.69388
8761,-9833	0.74453
8762,-10021	0.54545
8763,-10080	0.85714
8764,-10037	0.60526
8765,-10035	0.97222
8766,-10207	0.95673
8767,-10151	0.84868
8768,-10089	0.72222
8769,-10213	0.85514
8770,-10226	0.90749
8771,-10036	0.62162
8772,-10032	0.66667
8773,-10220	0.8733
8774,-10126	0.85039
8775,-10032	0.69697
8776,-10145	0.73288
8777,-10275	0.73913
8778,-10032	0.69697
8779,-10211	0.94811
8780,-10129	0.77489
8781,-10178	1.0
8782,-10040	1.0
8783,-10020	0.52381
8784,-10097	0.71429
8785,-10257	0.96124
8786,-10238	0.75732
8787,-10137	0.94928
8788,-10049	1.0
8789,-10224	0.76687
8790,-10090	0.89011
8791,-10156	0.74522
8792,-10006	0.42857
8793,-10033	0.67647
8794,-10016	0.94118
8795,-10307	0.81169
8796,-10247	0.81048
8797,-10185	0.76655
8798,-10178	0.92179
8799,-10218	0.70312
8800,-10059	0.58333
8801,-10093	0.76596
8802,-10115	0.83621
8803,-10164	0.94545
8804,-10083	0.67568
8805,-10213	0.9486
8806,-10007	0.375
8807,-10223	0.76786
8808,-10164	0.95152
8809,-10032	0.87879
8810,-10209	0.8619
8811,-10017	1.0
8812,-10117	0.84746
8813,-10075	0.85526
8814,-10137	0.87681
8815,-10281	0.89362
8816,-10039	0.525
8817,-10189	0.92632
8818,-10125	0.65873
8819,-10055	0.32143
8820,-10009	0.4
8821,-10242	0.9177
8822,-10195	0.88776
8823,-10268	0.83643
8824,-10181	0.90659
8825,-10321	0.86335
8826,-10133	0.82553
8827,-10145	0.80137
8828,-10007	0.5
8829,-10262	0.6654
8830,-9921	0.70161
8831,-10225	0.95575
8832,-10116	0.79487
8833,-10202	0.83744
8834,-10064	1.0
8835,-10154	0.87097
8836,-10164	0.87218
8837,-10033	0.64706
8838,-10071	0.5
8839,-10054	0.83636
8840,-10134	0.88148
8841,-10088	0.84536
8842,-10280	0.88968
8843,-10213	0.94393
8844,-10007	0.875
8845,-10173	0.94828
8846,-10222	0.92377
8847,-10025	0.78116
8848,-10091	0.72826
8849,-10035	0.66667
8850,-10101	0.4902
8851,-10217	0.95872
8852,-10035	0.97222
8853,-10005	0.33333
8854,-10046	0.25532
8855,-10209	0.75714
8856,-10007	0.375
8857,-10209	0.90952
8858,-10109	0.90909
8859,-10266	0.94007
8860,-10363	0.70879
8861,-10032	0.72727
8862,-10006	1.0
8863,-10159	0.85625
8864,-10173	0.8908
8865,-10044	0.22222
8866,-10141	0.82394
8867,-10245	0.66859
8868,-10032	0.30303
8869,-10145	0.9726
8870,-10007	1.0
8871,-10183	0.94565
8872,-10154	0.89677
8873,-10021	1.0
8874,-10203	0.89706
8875,-10128	0.82946
8876,-10132	0.92481
8877,-10020	0.14286
8878,-10168	0.78107
8879,-10008	0.33333
8880,-10173	0.84483
8881,-10016	0.41176
8882,-10035	0.61111
8883,-10016	0.58824
8884,-10124	0.672
8885,-10209	0.99048
8886,-10185	0.86559
8887,-10156	0.87898
8888,-10204	0.86341
8889,-10010	0.90909
8890,-10170	0.98246
8891,-10131	0.79545
8892,-10183	0.70652
8893,-10089	0.82222
8894,-10023	0.08333
8895,-10229	0.77039
8896,-10034	0.74286
8897,-10264	0.92453
8898,-10130	0.78626
8899,-10005	0.33333
8900,-10172	0.89781
8901,-10008	0.55556
8902,-10209	0.93569
8903,-10007	0.375
8904,-10074	0.69318
8905,-9996	0.71429
8906,-10164	0.98182
8907,-10259	0.95
8908,-10244	0.83265
8909,-10172	0.83237
8910,-10123	0.70222
8911,-10246	0.89474
8912,-9484	0.77816
8913,-10199	0.855
8914,-10191	0.86458
8915,-10194	0.90769
8916,-10089	0.77778
8917,-10032	0.66667
8918,-10027	0.64286
8919,-10088	0.8427
8920,-10006	0.63889
8921,-10217	0.90282
8922,-10149	0.85333
8923,-10040	0.31707
8924,-10190	0.87958
8925,-10007	0.375
8926,-10142	0.78322
8927,-10154	0.60156
8928,-9817	0.65015
8929,-10076	0.93506
8930,-10250	0.92032
8931,-10095	0.94792
8932,-10211	0.81132
8933,-10094	0.79798
8934,-10218	0.94521
8935,-10164	0.85455
8936,-10125	0.7619
8937,-9984	0.77907
8938,-10210	0.87204
8939,-10194	0.87179
8940,-10239	0.67083
8941,-10012	0.30769
8942,-10234	0.8
8943,-10193	0.93814
8944,-10200	0.9403
8945,-10199	0.86
8946,-10165	0.87952
8947,-10026	0.51852
8948,-10002	0.85577
8949,-10046	0.78378
8950,-10097	0.7551
8951,-10092	0.90323
8952,-10216	0.88018
8953,-10152	0.88889
8954,-10053	0.85185
8955,-10198	0.9196
8956,-10028	1.0
8957,-10025	0.65385
8958,-10315	0.84494
8959,-10129	0.83077
8960,-10015	0.5625
8961,-10234	0.92766
8962,-10055	0.67857
8963,-10076	0.81818
8964,-10220	0.8371
8965,-10007	1.0
8966,-10140	0.78014
8967,-10156	0.91083
8968,-10030	0.73485
8969,-10033	0.97059
8970,-9984	0.68605
8971,-10164	0.89697
8972,-10010	0.90909
8973,-10116	0.75229
8974,-10180	0.87293
8975,-10142	0.8951
8976,-10153	0.83117
8977,-10247	0.82661
8978,-10216	0.82488
8979,-10187	0.93085
8980,-10117	0.91525
8981,-10137	0.98551
8982,-10088	0.80899
8983,-10104	0.71429
8984,-10013	0.57143
8985,-10009	0.5
8986,-10206	0.97101
8987,-10136	0.87591
8988,-10159	0.88125
8989,-10018	0.57895
8990,-10019	0.3
8991,-10128	0.8062
8992,-10051	0.60784
8993,-10008	0.44444
8994,-10274	0.96364
8995,-10236	0.89451
8996,-10021	0.63636
8997,-10126	0.83465
8998,-10163	0.78049
8999,-10256	0.91829
9000,-10054	0.72436
9001,-10372	0.81501
9002,-10231	0.81897
9003,-9984	0.75581
9004,-10249	0.932
9005,-10120	0.88288
9006,-10029	0.70992
9007,-10109	0.90909
9008,-10022	0.68548
9009,-10021	0.86364
9010,-10182	0.9071
9011,-10032	0.54545
9012,-10139	0.84286
9013,-10101	0.85294
9014,-10212	0.86854
9015,-10005	0.16667
9016,-10163	0.92683
9017,-10051	0.55769
9018,-10242	0.95062
9019,-10089	0.65556
9020,-10024	0.64
9021,-10007	1.0
9022,-10087	0.625
9023,-10035	0.77778
9024,-10122	0.88618
9025,-10179	0.9
9026,-10222	0.82511
9027,-10208	0.75161
9028,-10008	0.44444
9029,-10083	0.76757
9030,-10076	0.24675
9031,-10087	0.76136
9032,-10127	0.95312
9033,-10011	0.58333
9034,-10288	0.96194
9035,-10210	0.83974
9036,-10196	0.86802
9037,-10116	0.81197
9038,-10080	0.75309
9039,-10153	0.84416
9040,-10045	0.36957
9041,-10313	0.91083
9042,-10084	0.81176
9043,-10180	0.93923
9044,-10179	0.81667
9045,-10180	0.91713
9046,-10007	0.375
9047,-10168	0.94675
9048,-10154	0.84516
9049,-10114	0.69565
9050,-10174	0.83429
9051,-10127	0.77344
9052,-10158	0.86164
9053,-10159	0.875
9054,-10187	0.82447
9055,-10224	0.86667
9056,-10203	0.91176
9057,-10192	0.82313
9058,-10040	0.80488
9059,-10166	0.91617
9060,-10061	0.61963
9061,-10088	0.78652
9062,-10111	0.86607
9063,-10201	0.89604
9064,-10242	0.893
9065,-10142	0.87413
9066,-10132	0.84211
9067,-10301	0.95364
9068,-10298	0.81605
9069,-10133	0.8209
9070,-10306	0.81759
9071,-10125	0.84921
9072,-10208	0.83732
9073,-10283	0.82394
9074,-10176	0.9096
9075,-10045	0.43478
9076,-10054	0.78846
9077,-10010	0.90909
9078,-10229	0.91739
9079,-10143	0.90972
9080,-10215	0.88959
9081,-10160	0.81366
9082,-10294	0.90169
9083,-10012	0.30769
9084,-10126	0.93701
9085,-10076	0.53247
9086,-10177	0.69892
9087,-10122	0.70732
9088,-10168	0.92899
9089,-10066	0.85075
9090,-10176	0.85311
9091,-10101	0.70588
9092,-10182	0.89617
9093,-10170	0.85965
9094,-10200	0.9204
9095,-9962	0.76562
9096,-10216	0.68239
9097,-10197	0.90909
9098,-10140	0.87234
9099,-10253	0.89764
9100,-10176	0.91525
9101,-10172	0.87861
9102,-10235	0.82203
9103,-10260	0.94636
9104,-10251	0.88889
9105,-10226	0.8689
9106,-10137	0.81159
9107,-10025	0.65385
9108,-10036	0.21622
9109,-10144	0.74483
9110,-10204	0.90732
9111,-10032	0.63636
9112,-10185	0.8871
9113,-10022	0.65217
9114,-10055	0.42857
9115,-10161	0.61728
9116,-10006	0.42857
9117,-10052	0.86792
9118,-10023	0.33333
9119,-10113	0.89474
9120,-10255	0.94531
9121,-10100	0.72277
9122,-10049	0.66887
9123,-10117	0.85593
9124,-10215	0.80442
9125,-10205	0.83495
9126,-10119	0.975
9127,-10174	0.92
9128,-10026	0.40741
9129,-10028	0.17241
9130,-10203	0.92157
9131,-10142	0.86014
9132,-10184	0.8042
9133,-10107	0.87963
9134,-10136	0.91971
9135,-10242	0.87243
9136,-10032	0.45455
9137,-10028	0.62069
9138,-10141	0.76056
9139,-10213	0.86916
9140,-10141	0.84507
9141,-10123	0.92742
9142,-10247	0.80516
9143,-10012	0.46154
9144,-10065	0.43939
9145,-10098	0.79798
9146,-10167	0.9145
9147,-10214	0.93488
9148,-10112	0.72566
9149,-10148	0.90604
9150,-10206	0.98551
9151,-10008	0.55556
9152,-10170	0.90058
9153,-10128	0.89922
9154,-10029	0.63333
9155,-10196	0.88832
9156,-10263	0.95076
9157,-10040	0.70732
9158,-10117	0.69406
9159,-10017	0.72222
9160,-10218	0.87215
9161,-10135	0.94118
9162,-10291	0.81164
9163,-10093	0.88298
9164,-10171	0.91279
9165,-10046	0.6383
9166,-10311	0.88141
9167,-10141	1.0
9168,-10186	0.92513
9169,-10084	0.74118
9170,-10278	0.94265
9171,-10043	0.65909
9172,-10176	0.87006
9173,-10137	0.84783
9174,-10218	0.89498
9175,-10293	0.95578
9176,-10158	0.87421
9177,-10090	0.82418
9178,-10176	0.9548
9179,-10088	0.76404
9180,-10082	0.95181
9181,-10198	0.79
9182,-10093	0.80851
9183,-10232	0.92704
9184,-10092	0.80645
9185,-10214	0.92558
9186,-10131	0.82576
9187,-10160	0.92547
9188,-10020	0.95238
9189,-10010	1.0
9190,-10254	0.94902
9191,-10137	0.93478
9192,-10219	0.93636
9193,-10116	0.8547
9194,-10290	0.83162
9195,-10197	0.87879
9196,-10184	0.8
9197,-10011	0.91667
9198,-10181	0.92308
9199,-10206	0.88889
9200,-10204	0.90244
9201,-10051	0.17308
9202,-10230	0.96104
9203,-10253	0.92913
9204,-10161	0.89506
9205,-10080	0.70879
9206,-10038	1.0
9207,-10168	0.81657
9208,-10036	0.43243
9209,-10209	0.9381
9210,-10059	0.81988
9211,-10011	0.58333
9212,-10155	0.96795
9213,-10085	0.7093
9214,-10090	0.82418
9215,-10138	0.7554
9216,-10236	0.63713
9217,-10012	0.69231
9218,-10064	0.69231
9219,-10145	0.94521
9220,-10039	0.225
9221,-10167	0.95833
9222,-10161	0.69136
9223,-10176	0.90395
9224,-10060	0.85246
9225,-10149	0.91333
9226,-10200	0.96517
9227,-10286	0.98606
9228,-10126	0.66929
9229,-10006	0.42857
9230,-10296	0.97306
9231,-10009	0.9
9232,-9997	0.65657
9233,-10014	0.6
9234,-10136	0.79562
9235,-10070	0.4507
9236,-10144	0.62759
9237,-10335	0.91964
9238,-10346	0.74352
9239,-10127	0.86719
9240,-10040	0.95122
9241,-10074	0.97333
9242,-10107	0.87037
9243,-10048	0.67347
9244,-10007	0.5
9245,-9991	0.83871
9246,-10252	0.83399
9247,-10209	0.88095
9248,-10085	0.81283
9249,-10258	0.87259
9250,-10190	0.87435
9251,-10202	0.81579
9252,-10231	0.67241
9253,-10031	0.46875
9254,-10178	0.96089
9255,-10188	0.91534
9256,-10022	0.95652
9257,-10320	0.90031
9258,-10114	0.73043
9259,-10212	0.92958
9260,-10134	0.82203
9261,-10006	0.42857
9262,-10014	0.06667
9263,-10301	0.63524
9264,-9997	0.72757
9265,-10008	0.88889
9266,-10112	0.89252
9267,-10103	0.76923
9268,-10240	0.92116
9269,-10096	0.87879
9270,-10248	0.76707
9271,-10027	0.78571
9272,-10204	0.79024
9273,-10087	0.71591
9274,-10142	0.93706
9275,-10061	0.67742
9276,-10013	0.5
9277,-10238	0.80294
9278,-10227	0.88596
9279,-10045	0.95652
9280,-10009	0.9
9281,-10201	0.91584
9282,-10148	0.86577
9283,-10137	0.78986
9284,-10278	0.83154
9285,-10021	1.0
9286,-10177	0.83708
9287,-10017	1.0
9288,-10009	0.2
9289,-10011	0.5
9290,-10217	0.89655
9291,-10008	0.22222
9292,-10208	0.8756
9293,-10200	0.59701
9294,-10228	0.87336
9295,-10143	0.8125
9296,-10125	0.9127
9297,-10089	0.84444
9298,-10149	0.81333
9299,-10174	0.90857
9300,-10041	0.83916
9301,-10104	0.68571
9302,-10119	0.85833
9303,-10149	1.0
9304,-10193	0.9433
9305,-10076	0.93506
9306,-9481	0.61724
9307,-10128	0.78261
9308,-10242	0.88663
9309,-10027	0.60714
9310,-10233	0.88889
9311,-10010	0.45455
9312,-10227	0.72807
9313,-10288	0.9654
9314,-10171	0.95349
9315,-10063	0.32812
9316,-10218	0.92694
9317,-10013	1.0
9318,-10115	0.82759
9319,-10174	0.94857
9320,-10025	0.5
9321,-10006	0.42857
9322,-10088	0.89888
9323,-10155	0.95513
9324,-10018	0.85
9325,-10135	0.92647
9326,-10176	0.85252
9327,-10054	0.62179
9328,-10060	0.82716
9329,-10149	0.95219
9330,-9910	0.77143
9331,-10293	0.79932
9332,-10138	0.98561
9333,-10170	0.91228
9334,-9987	0.74157
9335,-10199	0.77
9336,-10006	0.14286
9337,-10288	0.87889
9338,-10143	0.90972
9339,-10033	0.88235
9340,-10014	0.53333
9341,-10142	0.88112
9342,-10062	0.69841
9343,-10043	0.65909
9344,-10129	0.86923
9345,-10163	0.95732
9346,-10229	0.93043
9347,-10280	0.84342
9348,-10217	0.83072
9349,-10195	0.93878
9350,-10210	0.71474
9351,-10015	0.4375
9352,-10166	0.8982
9353,-10030	1.0
9354,-10005	0.33333
9355,-10152	0.92157
9356,-10010	0.45455
9357,-10193	0.92268
9358,-10098	0.80808
9359,-10128	0.72868
9360,-10008	0.44444
9361,-10126	0.85827
9362,-10049	0.86
9363,-10152	0.78431
9364,-10082	0.6988
9365,-10014	0.73333
9366,-10089	0.75
9367,-10206	0.66667
9368,-10143	0.88194
9369,-10166	0.89222
9370,-10187	0.75532
9371,-10160	0.93168
9372,-10169	0.88235
9373,-10052	0.20755
9374,-10014	0.6
9375,-10120	0.8843
9376,-10101	0.80392
9377,-10191	0.95833
9378,-10175	0.92045
9379,-10135	0.94118
9380,-10290	0.86598
9381,-10028	1.0
9382,-10036	0.21622
9383,-10230	0.87879
9384,-10152	0.6732
9385,-10052	0.56604
9386,-10036	0.97297
9387,-10110	0.90991
9388,-10101	0.84314
9389,-10131	0.69697
9390,-10146	0.84354
9391,-10207	0.93269
9392,-10067	0.80473
9393,-10148	0.796
9394,-10195	0.85714
9395,-10165	1.0
9396,-10198	0.86333
9397,-10177	0.93258
9398,-10095	0.85417
9399,-10120	0.67769
9400,-10133	0.80597
9401,-10157	0.91772
9402,-10139	0.77593
9403,-10171	0.92442
9404,-10005	0.16667
9405,-10227	0.75439
9406,-10239	0.875
9407,-10106	0.68224
9408,-10007	0.25
9409,-10162	0.8773
9410,-10084	0.76307
9411,-10303	0.83224
9412,-10009	0.7
9413,-10065	0.57576
9414,-10270	0.72694
9415,-9982	0.84266
9416,-10293	0.86735
9417,-10098	0.63636
9418,-10091	0.78231
9419,-10097	0.84694
9420,-10209	0.85714
9421,-10026	1.0
9422,-10246	0.79757
9423,-10223	0.75893
9424,-10020	0.66667
9425,-10089	0.84589
9426,-10031	0.6875
9427,-10043	0.97727
9428,-10093	0.89362
9429,-10172	0.91329
9430,-10175	0.80682
9431,-10189	0.92105
9432,-10020	0.61905
9433,-10142	0.74126
9434,-10188	0.94709
9435,-10040	0.97561
9436,-10110	0.91892
9437,-10353	0.93503
9438,-10071	0.80556
9439,-10005	0.81308
9440,-10108	0.85321
9441,-10035	0.38889
9442,-10146	0.97279
9443,-10163	0.85976
9444,-10118	0.85455
9445,-10048	0.93878
9446,-10152	0.86275
9447,-10271	0.86029
9448,-10230	0.89177
9449,-10181	0.91209
9450,-10071	0.34722
9451,-10246	0.53846
9452,-10241	0.6157
9453,-10005	0.33333
9454,-10126	0.80315
9455,-10138	0.95683
9456,-10015	0.125
9457,-10017	0.22222
9458,-10228	0.89083
9459,-10160	0.87578
9460,-10033	0.41176
9461,-10053	0.74074
9462,-10205	0.91748
9463,-10005	0.66355
9464,-10190	0.97906
9465,-10110	0.84685
9466,-9885	0.86207
9467,-10172	0.88439
9468,-10191	0.91667
9469,-10259	0.93846
9470,-10060	0.91803
9471,-10005	0.33333
9472,-10044	0.71111
9473,-10173	0.8046
9474,-10051	0.71154
9475,-10132	0.93985
9476,-10179	0.86477
9477,-10182	0.88525
9478,-10149	0.79333
9479,-10166	0.90419
9480,-10008	0.44444
9481,-10156	0.93631
9482,-10040	0.63415
9483,-10130	0.84733
9484,-10010	0.54545
9485,-10190	0.90576
9486,-10286	0.87805
9487,-10048	0.73469
9488,-10220	0.92547
9489,-10038	0.71795
9490,-10007	0.375
9491,-10124	0.84
9492,-10100	0.81188
9493,-10226	0.77093
9494,-10190	0.87958
9495,-10200	0.9403
9496,-10201	0.89109
9497,-10223	0.85268
9498,-10097	0.83673
9499,-10008	0.88889
9500,-10012	0.30769
9501,-10172	0.87861
9502,-10184	0.87568
9503,-9899	0.88158
9504,-10172	0.91908
9505,-10137	0.76812
9506,-10106	0.8972
9507,-10204	0.94146
9508,-10198	0.88667
9509,-10291	0.84589
9510,-10092	0.83871
9511,-10097	0.82653
9512,-10235	0.86864
9513,-10014	0.6
9514,-10143	0.70139
9515,-10207	0.94231
9516,-10039	1.0
9517,-10091	0.88095
9518,-10190	0.84817
9519,-10187	0.91489
9520,-10012	0.53846
9521,-10206	0.81643
9522,-10142	0.78322
9523,-10105	0.82126
9524,-10184	0.9027
9525,-10228	0.79039
9526,-10110	0.31532
9527,-10196	0.88325
9528,-10199	0.88
9529,-10018	0.31579
9530,-10012	0.53846
9531,-10007	0.375
9532,-10182	0.91257
9533,-10210	0.83412
9534,-10230	0.64502
9535,-10184	0.93514
9536,-10214	0.89767
9537,-10154	0.95484
9538,-10110	0.72072
9539,-10239	0.84167
9540,-10118	0.83193
9541,-10007	0.80734
9542,-10242	0.89712
9543,-10098	0.71717
9544,-10184	0.84865
9545,-10250	0.90438
9546,-10021	0.68182
9547,-10165	0.84337
9548,-10185	0.93011
9549,-10191	0.82812
9550,-10248	1.0
9551,-10157	0.93038
9552,-10136	0.78102
9553,-10129	0.87692
9554,-10008	1.0
9555,-10237	0.90756
9556,-10272	0.92308
9557,-10232	0.9485
9558,-10010	0.45455
9559,-10049	0.84
9560,-10015	0.1875
9561,-10095	0.73958
9562,-10010	0.54545
9563,-10181	0.80769
9564,-10021	0.09091
9565,-10185	0.83333
9566,-10121	0.81967
9567,-10092	0.85052
9568,-9981	0.81928
9569,-10176	0.85311
9570,-10119	0.69167
9571,-10287	0.92361
9572,-10006	0.28571
9573,-10134	0.92593
9574,-10034	1.0
9575,-10134	0.85185
9576,-10018	1.0
9577,-10142	0.71329
9578,-10170	0.83626
9579,-10166	0.93413
9580,-10008	0.22222
9581,-10094	0.69474
9582,-10142	0.93007
9583,-10191	0.77816
9584,-10026	0.18519
9585,-10135	0.80882
9586,-10201	0.89109
9587,-10197	0.88384
9588,-10021	0.72321
9589,-10034	0.83824
9590,-10010	0.27273
9591,-10280	0.97153
9592,-10185	0.93011
9593,-10104	0.8
9594,-10026	0.74074
9595,-10016	0.52941
9596,-9215	0.70642
9597,-10147	0.85135
9598,-10280	0.93594
9599,-10019	0.6
9600,-10118	0.80672
9601,-10258	0.88803
9602,-10157	0.78481
9603,-10173	0.8046
9604,-10114	0.8087
9605,-9688	0.71864
9606,-10141	0.7572
9607,-10247	0.90726
9608,-10057	0.63846
9609,-10067	0.69118
9610,-10180	0.86188
9611,-10165	0.87952
9612,-10243	0.78689
9613,-10193	0.88814
9614,-10003	0.78095
9615,-10195	0.94949
9616,-10038	0.61538
9617,-10156	0.68153
9618,-10167	0.80357
9619,-10054	0.85455
9620,-10162	0.91411
9621,-10017	0.33333
9622,-10010	0.45455
9623,-10042	0.39535
9624,-9978	0.73481
9625,-10041	0.90476
9626,-10016	0.17647
9627,-10238	0.78243
9628,-10102	0.71845
9629,-10011	0.41667
9630,-10024	0.68
9631,-10012	0.38462
9632,-10208	0.88517
9633,-10268	0.85502
9634,-10240	0.64315
9635,-10203	0.89836
9636,-10217	0.65138
9637,-10333	0.86826
9638,-10170	0.8538
9639,-10104	1.0
9640,-10155	0.78846
9641,-10110	0.79279
9642,-10210	0.85308
9643,-10072	0.75342
9644,-10037	0.82698
9645,-10173	0.9023
9646,-10176	0.89266
9647,-10047	0.22917
9648,-9777	0.80919
9649,-10103	0.51923
9650,-10228	0.869
9651,-10060	0.72222
9652,-10162	0.72727
9653,-10180	0.85635
9654,-10105	0.74528
9655,-10183	0.98913
9656,-10273	0.88686
9657,-10103	0.74038
9658,-10179	0.92222
9659,-10106	0.8972
9660,-10015	0.5
9661,-10026	1.0
9662,-10041	0.7381
9663,-10007	0.25
9664,-10048	0.6494
9665,-10130	0.61862
9666,-10171	0.86047
9667,-10083	0.96429
9668,-10201	0.86139
9669,-10086	0.8046
9670,-10047	0.22917
9671,-10014	0.46667
9672,-10170	0.73099
9673,-10230	0.99134
9674,-10011	0.41667
9675,-10127	0.85156
9676,-10197	0.81313
9677,-10152	0.77778
9678,-10010	0.90909
9679,-10114	0.83478
9680,-10231	0.96552
9681,-10180	0.8674
9682,-10088	0.87973
9683,-10151	0.94737
9684,-10026	0.81481
9685,-10009	0.7
9686,-10099	0.83
9687,-10132	0.92481
9688,-10120	0.87603
9689,-10197	0.68227
9690,-10166	0.91018
9691,-10101	0.7451
9692,-10227	0.87281
9693,-10279	0.95
9694,-10007	0.875
9695,-10217	0.70219
9696,-10121	0.82787
9697,-10083	0.75
9698,-10039	0.525
9699,-10010	0.54545
9700,-10001	0.70164
9701,-10005	0.33333
9702,-10206	0.89855
9703,-10023	0.16667
9704,-10040	0.60976
9705,-10006	0.42857
9706,-10104	0.81068
9707,-10207	0.86538
9708,-10288	0.87197
9709,-9962	0.60606
9710,-10169	0.9
9711,-10133	0.79149
9712,-10008	0.88889
9713,-10254	0.78824
9714,-10044	0.24444
9715,-10194	0.7027
9716,-10214	0.86047
9717,-10135	0.83824
9718,-10118	0.76471
9719,-10166	0.92216
9720,-10006	0.28571
9721,-10006	1.0
9722,-10221	0.84685
9723,-10034	0.54286
9724,-10067	0.77941
9725,-10170	0.87135
9726,-10020	0.57143
9727,-10080	0.82716
9728,-10082	0.87952
9729,-10037	0.21053
9730,-10008	0.44444
9731,-10074	0.71023
9732,-10145	0.83562
9733,-10200	0.74627
9734,-10152	0.89542
9735,-10172	0.83237
9736,-10074	0.84
9737,-10008	0.55556
9738,-10097	0.86735
9739,-10164	0.82424
9740,-10126	0.67105
9741,-10031	0.875
9742,-10141	0.90141
9743,-10154	0.93548
9744,-10014	0.66667
9745,-10087	0.79545
9746,-10022	0.68098
9747,-10059	0.56667
9748,-10032	0.73134
9749,-10246	0.77299
9750,-10013	0.57143
9751,-10197	0.76768
9752,-10200	0.89552
9753,-10224	0.92
9754,-10093	0.79787
9755,-10211	0.89151
9756,-10152	0.7451
9757,-10019	0.85
9758,-9819	0.53231
9759,-10030	0.7197
9760,-10194	0.85641
9761,-10154	0.83226
9762,-10202	0.74384
9763,-10205	0.8932
9764,-10247	0.92742
9765,-10244	0.93469
9766,-10110	0.84685
9767,-10162	0.87117
9768,-10176	0.87571
9769,-10172	0.95954
9770,-10185	0.90323
9771,-10171	0.96512
9772,-10140	0.78723
9773,-10194	0.92821
9774,-10072	0.84932
9775,-10156	0.88535
9776,-10038	0.61538
9777,-10191	0.90104
9778,-10220	0.89593
9779,-10198	0.9598
9780,-10029	0.6
9781,-10091	0.80435
9782,-10341	0.7807
9783,-10023	1.0
9784,-10020	0.57143
9785,-10025	0.15385
9786,-10155	0.8141
9787,-9997	0.87879
9788,-10043	0.25
9789,-10031	0.96875
9790,-10210	0.95735
9791,-10154	0.89032
9792,-10240	0.81579
9793,-10140	0.82979
9794,-10019	0.6
9795,-10170	0.8655
9796,-10171	0.8315
9797,-10198	0.75879
9798,-10222	0.84753
9799,-10102	0.72059
9800,-9876	0.73333
9801,-10029	0.77863
9802,-10259	0.91154
9803,-10107	0.91667
9804,-10217	0.94954
9805,-10155	0.83333
9806,-9510	0.72727
9807,-10164	0.75152
9808,-10144	0.76552
9809,-10176	0.9096
9810,-10152	0.98693
9811,-10146	0.83673
9812,-10238	0.93305
9813,-10057	0.74138
9814,-10159	0.79375
9815,-10142	0.76224
9816,-10013	1.0
9817,-10012	0.61538
9818,-10308	0.94498
9819,-10161	0.7963
9820,-10244	0.9102
9821,-10187	0.77128
9822,-10066	0.41791
9823,-9832	0.75
9824,-10060	0.63934
9825,-10081	0.83607
9826,-10116	0.95726
9827,-10235	0.90254
9828,-10156	0.87898
9829,-10151	0.75
9830,-10189	0.82632
9831,-10169	0.94118
9832,-10051	0.88462
9833,-9930	0.72239
9834,-10016	0.88235
9835,-10094	0.85185
9836,-10172	0.91908
9837,-10007	0.375
9838,-10036	0.78378
9839,-10213	0.91121
9840,-10023	0.08333
9841,-10198	0.94472
9842,-10200	0.86567
9843,-10010	0.27273
9844,-10008	0.55556
9845,-9989	0.70833
9846,-10014	0.93333
9847,-10226	0.76211
9848,-10298	0.83612
9849,-10079	0.9125
9850,-10188	0.9418
9851,-10034	0.65441
9852,-10013	0.64348
9853,-10241	0.92149
9854,-10270	0.80443
9855,-10091	0.77174
9856,-10010	0.72727
9857,-10266	0.94757
9858,-10032	0.72727
9859,-10153	0.98052
9860,-10110	0.83706
9861,-10033	0.61765
9862,-10184	0.88649
9863,-10083	0.44048
9864,-10027	0.35714
9865,-10159	0.98125
9866,-10180	0.85083
9867,-10236	0.84388
9868,-10230	0.81818
9869,-10087	0.82414
9870,-10050	0.68627
9871,-10126	0.84252
9872,-10068	0.77059
9873,-10133	0.85821
9874,-10159	0.6875
9875,-10237	0.68908
9876,-10208	0.9378
9877,-10015	0.875
9878,-10092	0.73118
9879,-10021	1.0
9880,-10173	0.85632
9881,-10222	0.90741
9882,-9985	0.72414
9883,-10215	0.81944
9884,-10230	0.85281
9885,-10006	0.71613
9886,-10179	0.97222
9887,-10077	0.9359
9888,-10010	0.54545
9889,-10009	0.5
9890,-10125	0.92063
9891,-10186	0.83957
9892,-10283	0.84859
9893,-10006	0.42857
9894,-10030	1.0
9895,-10094	0.86316
9896,-10021	0.54545
9897,-10216	0.79724
9898,-10197	0.88889
9899,-10025	0.84615
9900,-10025	1.0
9901,-10100	0.68317
9902,-10018	0.57895
9903,-10024	0.28
9904,-10169	0.86471
9905,-10252	0.73123
9906,-10077	0.82051
9907,-10051	0.61538
9908,-10158	1.0
9909,-10168	0.89349
9910,-10252	0.92885
9911,-10034	0.45714
9912,-10008	0.44444
9913,-10008	1.0
9914,-10145	1.0
9915,-10155	0.89103
9916,-10227	0.83333
9917,-10113	0.94737
9918,-10251	0.90873
9919,-10145	0.79885
9920,-10015	0.4375
9921,-10014	0.93333
9922,-10047	0.75
9923,-10157	0.86709
9924,-10151	0.78261
9925,-10019	0.35
9926,-10140	0.87943
9927,-10008	0.55556
9928,-10117	0.81356
9929,-10132	0.78195
9930,-10013	0.57143
9931,-10266	0.85393
9932,-10116	0.97436
9933,-10016	1.0
9934,-10192	0.87047
9935,-10012	0.61538
9936,-10138	0.94245
9937,-10158	0.83019
9938,-10173	0.97126
9939,-10056	0.64912
9940,-10031	0.625
9941,-10169	0.94118
9942,-10016	0.82353
9943,-10199	0.825
9944,-10036	0.86486
9945,-10105	0.89623
9946,-10246	0.97976
9947,-10007	0.25
9948,-10232	0.7382
9949,-10245	0.87805
9950,-10036	0.7971
9951,-10005	0.33333
9952,-10220	0.8371
9953,-10116	0.92308
9954,-10206	0.82609
9955,-10148	0.93289
9956,-9912	0.88696
9957,-10074	0.81333
9958,-10131	0.96212
9959,-10033	0.26471
9960,-10124	0.864
9961,-10029	0.26667
9962,-10021	0.13636
9963,-10106	0.8785
9964,-10010	0.27273
9965,-10023	0.66667
9966,-10233	0.9359
9967,-10186	0.85561
9968,-10064	0.89231
9969,-10172	0.87861
9970,-10105	0.75
9971,-10078	0.73665
9972,-10100	0.67327
9973,-10124	0.66814
9974,-10179	0.85556
9975,-10106	0.93458
9976,-10204	0.6439
9977,-10102	0.78431
9978,-10179	0.88889
9979,-10150	0.88742
9980,-10085	0.82558
9981,-10169	0.85882
9982,-10193	0.89175
9983,-10176	0.85311
9984,-10324	0.75077
9985,-10012	0.53846
9986,-10011	0.41667
9987,-10214	0.85759
9988,-10122	0.84553
9989,-10083	0.85714
9990,-10195	0.87245
9991,-10016	0.23529
9992,-10209	0.78095
9993,-10077	0.70513
9994,-10023	0.672
9995,-10060	0.91803
9996,-10152	0.97386
9997,-10005	0.16667
9998,-10083	0.82168
9999,-10193	0.71134
10000,-10076	0.77922
10001,-10062	0.93651
10002,-10177	0.85955
10003,-10080	0.76543
10004,-10150	0.95364
10005,-10206	0.86957
10006,-10144	0.83448
10007,-10116	0.70642
10008,-10176	0.9096
10009,-10129	0.95385
10010,-10189	0.85263
10011,-10181	0.85714
10012,-10210	0.92891
10013,-10085	0.76744
10014,-10120	0.68595
10015,-10110	0.81081
10016,-10037	0.89474
10017,-10016	0.94118
10018,-10060	0.59016
10019,-10262	0.8403
10020,-10007	0.25
10021,-10180	0.85083
10022,-10010	0.45455
10023,-10274	0.86909
10024,-10200	0.91722
10025,-10178	0.7933
10026,-9987	0.69663
10027,-10198	0.90452
10028,-10159	0.8625
10029,-10151	0.77632
10030,-10031	0.84375
10031,-10054	0.41818
10032,-10017	0.61111
10033,-10189	0.84536
10034,-10019	0.9
10035,-10038	0.64103
10036,-10052	1.0
10037,-10184	0.76216
10038,-10011	0.75
10039,-10212	0.89671
10040,-10024	0.96
10041,-10158	0.95597
10042,-10148	0.91275
10043,-10057	1.0
10044,-10135	0.84559
10045,-10136	0.29197
10046,-10207	0.96154
10047,-10125	0.8254
10048,-10043	0.36364
10049,-10177	0.85663
10050,-10176	0.89831
10051,-10207	0.80769
10052,-10008	0.44444
10053,-10241	0.90909
10054,-10160	0.91304
10055,-10117	0.95763
10056,-10009	0.4
10057,-10035	0.63889
10058,-10076	0.81818
10059,-10167	0.875
10060,-10194	0.87162
10061,-10155	0.83333
10062,-10010	0.54545
10063,-10103	0.66829
10064,-10012	0.53846
10065,-10020	0.38095
10066,-10149	0.85333
10067,-10053	0.66667
10068,-10165	0.90964
10069,-10138	0.8705
10070,-10002	0.75
10071,-10124	0.672
10072,-10013	0.57143
10073,-10162	0.87117
10074,-10007	0.25
10075,-10083	0.77381
10076,-10230	0.81818
10077,-10253	0.88189
10078,-10018	0.05263
10079,-10150	0.9404
10080,-10129	0.88462
10081,-10155	0.89105
10082,-10031	0.53125
10083,-10235	0.8457
10084,-10144	0.84828
10085,-10175	0.875
10086,-10057	0.75862
10087,-9947	0.86
10088,-10173	0.92529
10089,-10135	0.97059
10090,-10131	0.91667
10091,-10123	0.91129
10092,-10129	0.83077
10093,-10192	0.92746
10094,-10033	0.61765
10095,-10316	0.87066
10096,-10103	0.70192
10097,-10032	0.36364
10098,-10164	0.93939
10099,-10086	0.95402
10100,-10123	0.99194
10101,-10163	0.88415
10102,-10054	0.80128
10103,-10030	0.64516
10104,-10129	0.82308
10105,-10211	0.85942
10106,-10006	0.28571
10107,-10024	0.64
10108,-10115	0.77586
10109,-10189	0.81579
10110,-10006	1.0
10111,-10116	0.79487
10112,-10052	0.0566
10113,-10036	0.91892
10114,-10154	0.83871
10115,-10202	0.94581
10116,-10264	0.91321
10117,-10208	0.89474
10118,-10151	0.76316
10119,-10054	0.92727
10120,-10059	0.86667
10121,-10007	1.0
10122,-10013	0.92857
10123,-10219	0.7757
10124,-10025	0.65385
10125,-9500	0.66667
10126,-9998	0.8
10127,-10184	0.96757
10128,-10033	0.70588
10129,-10005	0.33333
10130,-10006	0.14286
10131,-10012	0.61538
10132,-10008	0.55556
10133,-10016	0.58824
10134,-10153	0.76471
10135,-10005	0.16667
10136,-9993	0.77041
10137,-10127	0.91406
10138,-10177	0.93258
10139,-10028	0.73077
10140,-10061	0.95161
10141,-10238	0.87448
10142,-10243	0.68852
10143,-10263	0.92045
10144,-10274	0.93091
10145,-10152	0.7451
10146,-10202	0.80788
10147,-10281	0.84043
10148,-10077	0.78205
10149,-10156	0.88535
10150,-10174	0.94286
10151,-10150	0.86093
10152,-10054	0.72727
10153,-10184	0.92973
10154,-10032	0.60606
10155,-10007	0.125
10156,-10201	0.90099
10157,-10144	0.82069
10158,-10016	0.64706
10159,-10048	0.81633
10160,-10147	0.77027
10161,-10161	0.93827
10162,-9989	0.65934
10163,-10158	0.89937
10164,-10170	0.72515
10165,-10170	0.94152
10166,-10093	0.71277
10167,-10027	0.14286
10168,-10010	0.90909
10169,-10139	0.76429
10170,-10027	0.71429
10171,-10127	0.84375
10172,-10134	0.81481
10173,-10037	0.68421
10174,-10289	0.95862
10175,-10276	0.84838
10176,-9835	0.71223
10177,-10018	0.26316
10178,-10162	0.99387
10179,-10026	1.0
10180,-10068	0.89855
10181,-10183	0.90217
10182,-10113	0.85965
10183,-10079	0.6875
10184,-10007	0.375
10185,-10116	0.73504
10186,-10179	0.85556
10187,-10018	0.76667
10188,-10209	0.8619
10189,-10168	0.84615
10190,-10013	0.64286
10191,-10009	0.5
10192,-10212	0.9061
10193,-10200	0.73632
10194,-10090	0.78022
10195,-10232	0.70386
10196,-10068	0.81159
10197,-10016	0.05882
10198,-10157	0.81013
10199,-10243	0.7459
10200,-10101	0.7451
10201,-10032	0.69697
10202,-10212	0.78404
10203,-10167	0.92262
10204,-10114	0.91304
10205,-10006	0.42857
10206,-10068	0.76812
10207,-10017	1.0
10208,-10034	0.34286
10209,-10073	0.67568
10210,-10123	0.80645
10211,-10107	0.78387
10212,-10142	0.72727
10213,-10212	0.73239
10214,-10184	0.89189
10215,-10178	0.87151
10216,-10175	0.90909
10217,-10027	0.67857
10218,-10082	0.06024
10219,-10017	0.71429
10220,-10235	0.79661
10221,-10234	0.84226
10222,-10025	0.07692
10223,-10030	0.51613
10224,-10010	1.0
10225,-9974	0.74011
10226,-10005	0.33333
10227,-10126	0.91339
10228,-10209	0.68095
10229,-10035	0.52778
10230,-10218	0.78539
10231,-10007	0.5
10232,-10032	0.69403
10233,-10008	0.55556
10234,-10243	0.7582
10235,-10244	0.81224
10236,-10099	0.78
10237,-10187	0.87234
10238,-10230	0.93939
10239,-10031	0.6875
10240,-10109	0.82727
10241,-10231	0.78017
10242,-10042	0.95349
10243,-10068	0.84058
10244,-10009	0.84345
10245,-10163	0.87805
10246,-10214	0.86047
10247,-10211	0.89623
10248,-10215	0.88426
10249,-10199	0.71
10250,-10226	0.70044
10251,-10157	0.85443
10252,-10230	0.94805
10253,-10008	0.33333
10254,-10259	0.91923
10255,-10243	0.90984
10256,-10026	0.78125
10257,-10094	0.73684
10258,-10220	0.89593
10259,-10039	0.7234
10260,-10197	0.92929
10261,-10099	0.84
10262,-10200	0.89055
10263,-10151	0.89474
10264,-10205	0.55825
10265,-10160	0.89441
10266,-10143	0.78035
10267,-10179	0.81667
10268,-10163	0.88415
10269,-10052	0.66038
10270,-10202	0.82895
10271,-10146	0.93197
10272,-10253	0.84646
10273,-10015	0.5625
10274,-10030	0.51613
10275,-10022	0.56522
10276,-10018	1.0
10277,-10007	0.25
10278,-10242	0.97119
10279,-10013	0.92857
10280,-10287	0.87847
10281,-10226	0.94273
10282,-10201	0.83168
10283,-10085	0.81395
10284,-10093	0.92553
10285,-10090	0.79121
10286,-10005	0.16667
10287,-10017	1.0
10288,-10191	0.83618
10289,-10188	0.79894
10290,-10161	0.87654
10291,-10213	0.92056
10292,-10173	0.51149
10293,-10216	0.75115
10294,-10207	0.92308
10295,-10212	0.95775
10296,-10208	0.81818
10297,-10068	0.94203
10298,-10231	0.875
10299,-10235	0.9322
10300,-10162	0.89571
10301,-10025	1.0
10302,-10022	0.65217
10303,-10133	0.79851
10304,-10038	0.89744
10305,-10288	0.87889
10306,-10226	0.98238
10307,-10042	0.81395
10308,-10012	0.46154
10309,-10223	0.77232
10310,-10048	0.63265
10311,-10138	0.77698
10312,-10117	0.78814
10313,-10015	0.9375
10314,-10189	0.90526
10315,-10137	0.73188
10316,-10125	0.94444
10317,-10248	0.94779
10318,-10043	0.13636
10319,-10007	0.25
10320,-10081	0.76829
10321,-10182	0.84699
10322,-10006	0.42857
10323,-10013	0.21429
10324,-10138	0.79583
10325,-10020	0.85714
10326,-10141	0.85211
10327,-10219	0.89545
10328,-10056	0.76834
10329,-10087	0.85227
10330,-10155	0.72374
10331,-10125	0.72687
10332,-10172	0.66474
10333,-10164	0.75152
10334,-10109	0.77273
10335,-10008	0.55556
10336,-10214	0.79535
10337,-10072	0.90909
10338,-10266	0.98127
10339,-10013	0.35714
10340,-10136	0.92701
10341,-10023	0.25
10342,-10017	0.66667
10343,-10157	0.84177
10344,-10141	0.93662
10345,-10029	0.73333
10346,-10007	0.5
10347,-10188	0.80952
10348,-10184	0.87027
10349,-10134	0.92593
10350,-10227	0.83587
10351,-9134	0.72911
10352,-10145	0.86986
10353,-10101	0.96078
10354,-10272	0.94505
10355,-10195	0.88776
10356,-10210	0.90047
10357,-10158	0.85535
10358,-10011	0.33333
10359,-10207	0.98077
10360,-10149	0.92667
10361,-10283	0.80282
10362,-10158	0.87421
10363,-10199	0.875
10364,-10157	0.9557
10365,-10189	0.86842
10366,-10165	0.9759
10367,-10210	0.6859
10368,-10225	0.85398
10369,-10066	0.85075
10370,-10068	0.75362
10371,-10092	0.7957
10372,-10170	0.8655
10373,-10045	0.95652
10374,-10085	0.76744
10375,-10128	0.82946
10376,-10024	0.68
10377,-10101	0.79412
10378,-10185	0.91398
10379,-10127	0.9375
10380,-10161	0.82716
10381,-10177	0.93258
10382,-10206	0.92754
10383,-10125	0.95238
10384,-10212	0.83758
10385,-10083	0.77381
10386,-10090	0.83516
10387,-10032	0.69697
10388,-10157	0.81081
10389,-10010	0.82143
10390,-10182	0.84699
10391,-10199	0.835
10392,-10016	1.0
10393,-10300	0.86047
10394,-10240	0.77593
10395,-10133	0.92537
10396,-10121	0.81967
10397,-10169	0.88824
10398,-10289	0.91034
10399,-10030	0.96774
10400,-10124	0.792
10401,-10006	0.28571
10402,-10175	0.69886
10403,-10250	0.83267
10404,-10123	0.89516
10405,-10130	0.96183
10406,-10040	0.95122
10407,-10188	0.67008
10408,-10255	0.7423
10409,-10025	0.74016
10410,-10028	0.31034
10411,-10187	0.82979
10412,-10104	0.73941
10413,-10195	0.86224
10414,-9854	0.7
10415,-10237	0.83613
10416,-10138	0.77698
10417,-10070	0.61972
10418,-9999	0.85149
10419,-10193	0.93814
10420,-10059	0.31667
10421,-10145	0.78082
10422,-10114	0.83596
10423,-10006	0.77778
10424,-10124	0.864
10425,-10243	0.86066
10426,-10143	0.86806
10427,-10157	0.71944
10428,-10057	0.56897
10429,-10041	0.81119
10430,-10117	0.91525
10431,-10191	0.89062
10432,-10215	0.83796
10433,-10052	1.0
10434,-10135	0.97059
10435,-10141	0.8169
10436,-10201	0.91089
10437,-10224	0.87111
10438,-10138	1.0
10439,-10214	0.88372
10440,-10040	0.87805
10441,-10234	0.86383
10442,-9984	0.6738
10443,-10172	0.92486
10444,-10154	0.84766
10445,-10192	0.89119
10446,-10093	0.47872
10447,-10205	0.92508
10448,-10180	0.86188
10449,-10085	0.87209
10450,-10013	1.0
10451,-10227	0.9693
10452,-10260	0.80077
10453,-10006	0.85714
10454,-10238	0.79498
10455,-10238	0.84937
10456,-10120	0.78512
10457,-10183	0.73913
10458,-10072	0.89041
10459,-10225	0.84404
10460,-10159	0.86875
10461,-10045	0.97826
10462,-10032	0.33333
10463,-10161	0.93827
10464,-10172	0.93064
10465,-9734	0.70968
10466,-10024	0.4
10467,-10149	0.78
10468,-10112	0.61062
10469,-10261	0.96565
10470,-10129	0.73077
10471,-10194	0.78974
10472,-10221	0.8964
10473,-10008	1.0
10474,-10136	0.85401
10475,-10009	1.0
10476,-10082	0.72289
10477,-10157	0.90734
10478,-10186	0.87701
10479,-10098	0.73737
10480,-10088	0.80899
10481,-10146	0.88435
10482,-10016	0.47059
10483,-10269	0.97407
10484,-10160	0.96894
10485,-10227	0.90789
10486,-10253	0.90945
10487,-10109	0.75962
10488,-10121	0.89344
10489,-10137	0.49275
10490,-10204	0.86341
10491,-10168	0.91124
10492,-10151	0.875
10493,-10087	0.84091
10494,-10235	0.84322
10495,-10168	0.7929
10496,-10007	0.375
10497,-10152	0.88889
10498,-10100	0.87129
10499,-10013	1.0
10500,-10221	0.78829
10501,-10168	0.88757
10502,-10210	0.86256
10503,-10044	1.0
10504,-10099	0.91045
10505,-10061	0.90323
10506,-10096	0.87625
10507,-10010	0.90909
10508,-10012	0.53846
10509,-10185	0.93548
10510,-10079	0.7625
10511,-10012	0.30769
10512,-10183	0.86413
10513,-10014	0.26667
10514,-10059	0.76667
10515,-10216	0.78802
10516,-10201	0.95545
10517,-10050	0.54902
10518,-10166	0.87425
10519,-10133	0.77612
10520,-10130	0.8626
10521,-10017	0.88889
10522,-10023	0.375
10523,-9960	0.77652
10524,-10037	0.86331
10525,-10029	0.4
10526,-10221	0.88739
10527,-10044	0.60959
10528,-10160	0.90683
10529,-10032	0.33333
10530,-10030	0.25806
10531,-10291	0.91438
10532,-10120	0.82645
10533,-10273	0.87226
10534,-10126	0.77953
10535,-10022	0.69565
10536,-10165	0.92169
10537,-10065	0.72727
10538,-10188	0.91534
10539,-10013	0.64286
10540,-10170	0.87719
10541,-9961	0.74863
10542,-10054	0.6
10543,-10299	0.82
10544,-10115	0.86207
10545,-10114	0.76972
10546,-10026	0.75781
10547,-10068	0.76812
10548,-10011	0.41667
10549,-10016	0.7625
10550,-10093	0.81915
10551,-10107	0.85185
10552,-10155	0.83333
10553,-10040	0.56098
10554,-10095	0.6875
10555,-10151	0.92105
10556,-10218	0.88584
10557,-10154	0.87097
10558,-10207	0.79327
10559,-10016	0.29412
10560,-10013	0.14286
10561,-10024	0.56
10562,-10068	0.81159
10563,-10177	0.83708
10564,-10216	0.92627
10565,-10181	0.87912
10566,-10150	0.80795
10567,-10205	0.86319
10568,-10090	0.84615
10569,-10032	0.72727
10570,-10075	0.87571
10571,-10045	0.34783
10572,-10008	0.44444
10573,-10096	0.75585
10574,-10295	0.88851
10575,-10145	0.84247
10576,-10038	0.92308
10577,-10180	0.92265
10578,-10133	0.82836
10579,-10123	0.79032
10580,-10009	0.5
10581,-10167	0.875
10582,-10202	0.91133
10583,-10207	0.87981
10584,-10149	0.55333
10585,-10096	0.79381
10586,-10236	0.91561
10587,-10132	0.88034
10588,-10083	0.70238
10589,-10175	0.93502
10590,-10100	0.67327
10591,-10252	0.85771
10592,-10087	0.84091
10593,-10135	0.83088
10594,-10201	0.91089
10595,-10018	0.86667
10596,-10194	0.90256
10597,-10243	0.94672
10598,-10202	0.79934
10599,-10168	0.76923
10600,-10203	0.91176
10601,-10205	0.84466
10602,-10194	0.87692
10603,-10011	1.0
10604,-10117	0.71186
10605,-10104	0.85714
10606,-10140	0.85816
10607,-10017	0.76471
10608,-10166	0.79851
10609,-10086	0.73563
10610,-10063	0.84848
10611,-10022	0.43478
10612,-10282	0.87986
10613,-10088	0.78652
10614,-10146	0.83871
10615,-10339	0.81176
10616,-10166	0.94611
10617,-10086	0.82759
10618,-10230	0.67965
10619,-10285	0.83217
10620,-10191	0.86458
10621,-10021	0.22727
10622,-10209	0.62381
10623,-10129	0.73077
10624,-10236	0.91139
10625,-10110	0.96396
10626,-10010	0.90909
10627,-10028	0.96552
10628,-10150	0.7947
10629,-10146	0.92517
10630,-10039	0.65
10631,-9802	0.71753
10632,-10012	0.69231
10633,-10237	0.88655
10634,-10063	0.89697
10635,-10163	0.80488
10636,-10135	0.76471
10637,-10027	0.75
10638,-10274	0.92
10639,-9701	0.69805
10640,-10102	0.73786
10641,-10011	1.0
10642,-10191	0.91667
10643,-10030	1.0
10644,-9975	0.76623
10645,-10037	0.63158
10646,-10043	0.86364
10647,-10115	0.81034
10648,-10173	0.83908
10649,-10100	0.87624
10650,-10079	0.875
10651,-10257	0.68992
10652,-10199	0.83
10653,-10085	0.66279
10654,-10109	0.74545
10655,-10194	0.92308
10656,-10171	0.92442
10657,-10045	0.15217
10658,-10222	0.73457
10659,-10184	0.88649
10660,-10189	0.86942
10661,-10021	0.63636
10662,-10155	0.75641
10663,-10016	0.82353
10664,-10232	0.77253
10665,-10287	0.875
10666,-10032	0.51515
10667,-10020	0.33333
10668,-10104	0.78095
10669,-10157	0.71519
10670,-10290	0.79038
10671,-10041	0.19048
10672,-10254	0.8902
10673,-10099	0.76
10674,-10025	0.69231
10675,-10007	0.125
10676,-10195	0.72727
10677,-10135	0.93382
10678,-10024	0.6
10679,-10036	0.62162
10680,-10094	0.71579
10681,-10016	0.88235
10682,-10043	0.5
10683,-10025	0.57692
10684,-10168	0.89349
10685,-10307	0.82143
10686,-10143	0.73611
10687,-10038	0.75714
10688,-10022	1.0
10689,-10020	1.0
10690,-9995	0.8866
10691,-10123	0.83871
10692,-10011	0.33333
10693,-10059	0.8
10694,-10155	0.82692
10695,-10001	0.82295
10696,-10216	0.91244
10697,-10008	0.55556
10698,-10242	0.84774
10699,-10239	0.925
10700,-10059	0.83333
10701,-10029	0.63333
10702,-10155	0.89103
10703,-10227	0.60088
10704,-10210	0.91346
10705,-10239	0.84167
10706,-10046	0.6383
10707,-9989	0.71429
10708,-10106	0.88785
10709,-10136	0.81022
10710,-10240	0.91701
10711,-10020	0.95238
10712,-10212	0.84507
10713,-10190	0.89529
10714,-10111	0.65179
10715,-10182	0.9071
10716,-10277	0.96763
10717,-10070	0.84507
10718,-10233	0.92735
10719,-10256	0.83268
10720,-10247	0.84677
10721,-10013	0.92857
10722,-10143	0.91667
10723,-9901	0.80719
10724,-10098	0.80808
10725,-10175	0.75
10726,-10014	0.53333
10727,-10011	1.0
10728,-10132	0.85714
10729,-10136	0.87395
10730,-10039	0.95
10731,-10197	0.84281
10732,-10105	0.60377
10733,-10024	0.8254
10734,-10028	0.62069
10735,-10009	0.5
10736,-10028	0.58621
10737,-10189	0.78351
10738,-10034	1.0
10739,-10141	0.82394
10740,-10006	0.42857
10741,-10234	0.8766
10742,-10127	0.76856
10743,-10091	0.77174
10744,-10193	0.63402
10745,-10097	0.80905
10746,-10228	0.92576
10747,-10061	0.83871
10748,-9949	0.78431
10749,-10086	0.89655
10750,-10145	0.89726
10751,-10005	0.33333
10752,-10269	0.94074
10753,-10026	0.51852
10754,-10007	0.625
10755,-10071	0.80556
10756,-10207	0.95192
10757,-10031	0.76119
10758,-10170	0.92398
10759,-10016	0.74375
10760,-10020	0.80952
10761,-10006	0.14286
10762,-10206	0.91304
10763,-10005	0.33333
10764,-10144	0.97931
10765,-10104	0.82857
10766,-10163	0.96951
10767,-10012	0.53846
10768,-10033	0.70588
10769,-10100	0.68317
10770,-10024	1.0
10771,-10058	0.81356
10772,-10168	0.79882
10773,-10091	0.40217
10774,-10284	0.9614
10775,-10157	0.96835
10776,-10168	0.76331
10777,-10006	1.0
10778,-10149	0.83333
10779,-10192	0.78571
10780,-10037	0.94737
10781,-10165	0.86145
10782,-10017	0.38889
10783,-10200	0.9005
10784,-10159	0.725
10785,-9998	0.8245
10786,-10185	0.97849
10787,-10005	0.33333
10788,-10061	0.72581
10789,-10107	0.48148
10790,-10179	0.8
10791,-10206	0.95169
10792,-10031	1.0
10793,-10208	0.79355
10794,-10319	0.65312
10795,-10013	0.5
10796,-10212	0.89671
10797,-10049	0.98
10798,-10111	0.86607
10799,-10217	0.76803
10800,-10177	0.80899
10801,-10022	0.6087
10802,-10030	0.70968
10803,-10017	0.66667
10804,-10165	0.85542
10805,-10293	0.94558
10806,-10046	0.93617
10807,-10075	0.67105
10808,-10116	0.79487
10809,-10143	0.9375
10810,-10050	0.7451
10811,-10179	0.81111
10812,-10068	0.73913
10813,-10101	0.88235
10814,-10144	0.84138
10815,-10123	0.76613
10816,-10066	0.82143
10817,-10035	0.16667
10818,-10232	0.84549
10819,-10248	0.85542
10820,-10069	0.77143
10821,-10244	0.93469
10822,-10165	0.87349
10823,-10098	0.72425
10824,-10211	0.84906
10825,-10296	0.79461
10826,-10122	0.81301
10827,-10288	0.83391
10828,-10012	0.46154
10829,-10286	0.87456
10830,-10022	1.0
10831,-10041	0.57143
10832,-10133	0.87313
10833,-10166	0.79641
10834,-10096	0.73196
10835,-10077	0.82051
10836,-10189	0.89474
10837,-10008	0.55556
10838,-10175	0.94886
10839,-10223	0.875
10840,-10241	0.93388
10841,-10172	0.84971
10842,-10191	0.84375
10843,-10168	0.82249
10844,-10042	0.97674
10845,-10162	0.90798
10846,-10122	0.92683
10847,-10061	0.75806
10848,-9883	0.87153
10849,-10148	0.83893
10850,-10099	0.83582
10851,-10040	0.79424
10852,-9914	0.7837
10853,-10052	0.30189
10854,-10022	0.30435
10855,-10084	0.67596
10856,-10150	0.88742
10857,-10005	0.16667
10858,-10168	0.92308
10859,-10119	0.85833
10860,-10064	0.73846
10861,-10053	0.94444
10862,-10100	0.89109
10863,-10201	0.82673
10864,-10003	0.79153
10865,-10094	0.88421
10866,-10124	0.84
10867,-10191	0.86458
10868,-10143	0.98611
10869,-10137	0.70711
10870,-10239	0.91667
10871,-10026	0.74074
10872,-10009	1.0
10873,-10007	0.375
10874,-10110	0.82883
10875,-10131	0.87879
10876,-10014	1.0
10877,-10257	0.9186
10878,-10201	0.86634
10879,-10056	0.24561
10880,-10096	0.65979
10881,-10202	0.92118
10882,-10122	0.95122
10883,-10160	0.86957
10884,-10203	0.83333
10885,-10241	0.89256
10886,-10032	0.24242
10887,-10213	0.85981
10888,-10146	0.81855
10889,-10216	0.84793
10890,-10126	0.87402
10891,-10122	0.84553
10892,-10170	0.88304
10893,-10182	0.80986
10894,-10151	0.78289
10895,-10128	0.86822
10896,-10148	0.98658
10897,-10189	0.8
10898,-10217	0.94495
10899,-10111	0.76786
10900,-10087	0.72727
10901,-10121	0.7459
10902,-10026	0.66667
10903,-10131	0.86364
10904,-10011	0.91667
10905,-10264	0.75849
10906,-10018	0.42105
10907,-10164	0.86061
10908,-10196	0.89848
10909,-10109	0.88182
10910,-10235	0.86017
10911,-10092	0.90169
10912,-10097	0.78571
10913,-10020	0.66667
10914,-10135	0.84559
10915,-10271	0.90074
10916,-10032	0.76119
10917,-10100	0.76238
10918,-10146	0.94558
10919,-10233	0.9359
10920,-10007	0.5
10921,-10100	0.84158
10922,-10137	0.9058
10923,-10122	0.72358
10924,-10008	0.44444
10925,-10245	0.95122
10926,-10105	0.83962
10927,-10124	0.864
10928,-10014	0.77358
10929,-10231	0.69397
10930,-10134	0.88889
10931,-10059	0.8
10932,-9981	0.6506
10933,-10233	0.76496
10934,-10012	0.53846
10935,-10033	0.26471
10936,-10040	0.53659
10937,-10100	0.75248
10938,-10166	0.88024
10939,-9980	0.78689
10940,-10255	0.84375
10941,-10241	0.92562
10942,-10082	0.66265
10943,-10088	0.52809
10944,-10188	0.89418
10945,-10185	0.92473
10946,-10265	0.76692
10947,-10251	0.86905
10948,-10216	0.90323
10949,-10173	0.85057
10950,-10172	0.85549
10951,-10167	0.8869
10952,-10082	0.85542
10953,-10026	0.2963
10954,-10149	0.86
10955,-10224	0.98222
10956,-10144	0.84828
10957,-10014	0.53333
10958,-10100	0.75248
10959,-10114	0.86087
10960,-10190	0.96335
10961,-10040	0.14634
10962,-10212	0.90141
10963,-10159	0.96875
10964,-10179	0.88333
10965,-10252	0.80237
10966,-10258	0.85328
10967,-10045	0.52174
10968,-10288	0.9654
10969,-10017	0.16667
10970,-10140	0.92908
10971,-10006	0.28571
10972,-10031	0.71875
10973,-10200	0.89552
10974,-10010	0.54545
10975,-10008	0.66667
10976,-10092	0.66667
10977,-10027	0.89286
10978,-10155	0.88462
10979,-10146	0.98639
10980,-10181	0.85714
10981,-10099	0.83775
10982,-9971	0.78082
10983,-10258	0.79537
10984,-10143	0.875
10985,-10193	0.8339
10986,-10061	0.74194
10987,-10161	0.8642
10988,-10036	0.59459
10989,-10110	0.74057
10990,-10005	0.16667
10991,-10005	0.33333
10992,-10117	0.85593
10993,-10060	0.65574
10994,-10203	0.83934
10995,-10092	0.82796
10996,-10300	0.97674
10997,-10023	0.58333
10998,-10097	0.87755
10999,-10204	0.8878
11000,-10140	0.73759
11001,-10065	0.84848
11002,-10202	0.73399
11003,-10124	0.824
11004,-10208	0.72249
11005,-10197	0.91919
11006,-10170	0.83626
11007,-10212	0.84507
11008,-10027	0.64286
11009,-10084	0.89412
11010,-10141	0.85211
11011,-10177	0.71348
11012,-10195	0.83673
11013,-10149	0.83333
11014,-10130	0.91603
11015,-10037	0.44737
11016,-10080	0.81481
11017,-10229	0.83043
11018,-9712	0.62382
11019,-10079	0.8625
11020,-10177	0.85393
11021,-10277	0.72302
11022,-10240	0.92946
11023,-10020	0.09524
11024,-10130	0.77099
11025,-10154	0.92258
11026,-10156	0.90446
11027,-10209	0.90476
11028,-10017	0.61111
11029,-10010	1.0
11030,-9703	0.6871
11031,-10248	0.78715
11032,-10278	0.89964
11033,-10318	0.81505
11034,-10125	0.81746
11035,-10095	0.71875
11036,-10020	0.57143
11037,-9482	0.66667
11038,-10012	0.46154
11039,-10176	0.9548
11040,-10057	0.77586
11041,-10176	0.89266
11042,-10182	0.77596
11043,-10073	0.87838
11044,-10108	0.83601
11045,-10107	0.87963
11046,-10006	0.42857
11047,-10033	0.55882
11048,-10174	0.98286
11049,-10175	0.77273
11050,-10015	0.5625
11051,-10194	0.69231
11052,-10040	0.65854
11053,-10215	0.93519
11054,-10088	0.8427
11055,-10097	0.82653
11056,-10114	0.90435
11057,-10030	0.6129
11058,-10278	0.89964
11059,-10261	0.89313
11060,-10099	0.72
11061,-10034	0.4
11062,-10199	0.845
11063,-10131	0.91667
11064,-10159	0.79375
11065,-10166	0.96407
11066,-10011	0.58333
11067,-10214	0.85759
11068,-10299	0.84333
11069,-10282	0.95053
11070,-10120	0.75207
11071,-10015	0.125
11072,-10223	0.79018
11073,-10021	0.63636
11074,-10016	0.77187
11075,-10222	0.86547
11076,-10083	0.70238
11077,-10234	0.94894
11078,-10140	0.74468
11079,-10109	0.9
11080,-10020	0.28571
11081,-9986	0.72727
11082,-10148	0.87248
11083,-10205	0.83062
11084,-10223	0.83077
11085,-10262	0.91255
11086,-10005	0.33333
11087,-10188	0.77778
11088,-10199	0.675
11089,-10049	0.76
11090,-10029	0.8
11091,-10042	0.67442
11092,-10208	0.88995
11093,-10063	0.84375
11094,-10021	0.90909
11095,-10131	0.62879
11096,-10118	0.92437
11097,-10133	0.76866
11098,-10188	0.67196
11099,-10209	0.87138
11100,-10181	0.85714
11101,-10126	0.8189
11102,-10077	0.85357
11103,-10067	0.68464
11104,-10150	0.98013
11105,-10228	0.91266
11106,-10018	1.0
11107,-10078	0.97468
11108,-10168	0.92308
11109,-10028	0.68966
11110,-10131	0.81116
11111,-10084	0.83871
11112,-10044	0.97778
11113,-10147	0.93919
11114,-10322	0.66873
11115,-10165	0.92771
11116,-10131	0.86364
11117,-10016	0.94118
11118,-10186	0.91979
11119,-10035	0.69444
11120,-10104	0.99048
11121,-10007	1.0
11122,-10195	0.87245
11123,-10066	0.79104
11124,-10291	0.7911
11125,-10325	0.86196
11126,-10203	0.91176
11127,-10016	0.52941
11128,-10037	1.0
11129,-10097	0.42857
11130,-10160	0.65217
11131,-10112	0.78761
11132,-10181	0.84615
11133,-10005	0.16667
11134,-10145	0.78082
11135,-10010	0.45455
11136,-10008	0.33333
11137,-10262	0.95437
11138,-10267	0.63686
11139,-10001	0.61165
11140,-10177	0.89247
11141,-10150	0.89404
11142,-10188	0.91005
11143,-10133	0.8209
11144,-10204	0.78537
11145,-10030	1.0
11146,-10175	0.96023
11147,-10175	0.78409
11148,-10019	0.35
11149,-10010	0.45455
11150,-10109	0.97273
11151,-10034	0.88571
11152,-10089	0.7363
11153,-10179	0.91667
11154,-10166	0.86228
11155,-10235	0.83051
11156,-10110	0.72973
11157,-10012	0.38462
11158,-10007	0.125
11159,-10239	0.92083
11160,-10182	0.89617
11161,-10126	0.74803
11162,-10135	0.73529
11163,-10138	0.88489
11164,-10175	0.78409
11165,-10198	0.74372
11166,-10113	0.89241
11167,-10222	0.86547
11168,-10176	0.83616
11169,-10151	0.84211
11170,-10256	0.84436
11171,-10022	0.21739
11172,-10033	0.70588
11173,-10127	0.8125
11174,-10025	1.0
11175,-10195	0.83163
11176,-10014	0.6
11177,-10177	0.80337
11178,-10046	0.25532
11179,-10211	0.87736
11180,-10033	0.61765
11181,-10204	0.89756
11182,-10004	0.81132
11183,-10005	0.33333
11184,-10036	0.86486
11185,-10148	0.732
11186,-10007	0.5
11187,-10225	0.93805
11188,-10007	0.5
11189,-10085	0.7093
11190,-10232	0.81545
11191,-10171	0.82558
11192,-10233	0.85897
11193,-10164	0.85455
11194,-10203	0.82353
11195,-9699	0.6634
11196,-10211	0.91038
11197,-10174	0.85143
11198,-10012	0.61538
11199,-10138	0.84892
11200,-10018	1.0
11201,-10298	0.94983
11202,-10228	0.79039
11203,-10192	0.72021
11204,-10059	0.71667
11205,-10011	1.0
11206,-10210	0.72756
11207,-10121	0.83333
11208,-10026	0.55556
11209,-10216	0.89862
11210,-10106	0.91589
11211,-10008	0.54545
11212,-10151	0.71711
11213,-10008	0.44444
11214,-10193	0.87629
11215,-10013	0.14286
11216,-10018	0.68421
11217,-10083	0.82143
11218,-10198	0.93467
11219,-10197	0.85859
11220,-10160	0.96273
11221,-10270	0.68548
11222,-9980	0.62195
11223,-10014	0.46667
11224,-10296	0.74747
11225,-10125	0.94444
11226,-10176	0.85311
11227,-10127	0.6875
11228,-10206	0.8599
11229,-10048	0.79592
11230,-10155	0.80128
11231,-10203	0.76471
11232,-10159	0.90625
11233,-10235	0.70763
11234,-10033	0.77745
11235,-10170	0.90058
11236,-10090	0.74725
11237,-10027	0.85271
11238,-10066	0.76119
11239,-10099	0.79
11240,-10117	0.87288
11241,-10106	0.88785
11242,-10216	0.91244
11243,-10152	0.65359
11244,-10182	0.92896
11245,-10297	0.68792
11246,-10221	0.94144
11247,-10305	0.93137
11248,-10111	0.82143
11249,-10090	0.87912
11250,-10012	1.0
11251,-10040	0.90244
11252,-10208	0.82258
11253,-10104	0.8
11254,-10225	0.73394
11255,-10019	1.0
11256,-10222	0.92825
11257,-10144	0.97931
11258,-10024	1.0
11259,-10104	0.81905
11260,-10015	0.375
11261,-10079	0.9
11262,-10219	0.81818
11263,-10177	0.87079
11264,-10150	0.78808
11265,-10127	0.82812
11266,-10123	0.82258
11267,-10010	0.36364
11268,-10007	0.5
11269,-10217	0.8945
11270,-9773	0.75986
11271,-10020	0.61905
11272,-10011	0.91667
11273,-10033	0.70588
11274,-10039	0.6
11275,-10079	0.8011
11276,-10169	0.93529
11277,-10311	0.78526
11278,-10287	0.89583
11279,-10143	0.78472
11280,-10136	0.92701
11281,-10253	0.71654
11282,-10144	0.8252
11283,-10200	0.91045
11284,-10006	0.28571
11285,-10015	0.75
11286,-10223	0.91071
11287,-10083	0.7619
11288,-10313	0.83439
11289,-10270	0.5572
11290,-9939	0.68023
11291,-10100	0.80198
11292,-10033	0.44118
11293,-10234	0.89787
11294,-10102	0.97087
11295,-10117	0.86441
11296,-10109	0.72727
11297,-10178	0.91061
11298,-10016	0.84746
11299,-10157	0.8481
11300,-10011	0.5
11301,-10017	0.84034
11302,-10194	0.76923
11303,-10023	0.54167
11304,-10245	0.81707
11305,-10024	0.4
